Date,Day,Attendance,Meat,Eggs,Fish,Chicken,Rice,Pasta,Potatoes,Bread,Milk,Cheese,Butter,Vegetables,Fruits,Beans,Lentils,Yogurt,Soup,Salad,Juice,Coffee,Icecream,Meat_Waste,Eggs_Waste,Fish_Waste,Chicken_Waste,Rice_Waste,Pasta_Waste,Potatoes_Waste,Bread_Waste,Milk_Waste,Cheese_Waste,Butter_Waste,Vegetables_Waste,Fruits_Waste,Beans_Waste,Lentils_Waste,Yogurt_Waste,Soup_Waste,Salad_Waste,Juice_Waste,Coffee_Waste,Icecream_Waste,Total_Waste,Risk_Level,Month,Avg_Temperature,Day,Season
01-01-2020,Wednesday,152,96.88,105.35,173.39,26.04,29.26,32.12,152.55,198.95,72.71,114.21,122.92,105.6,170.39,47.29,21.63,118.72,73.89,139.43,27.09,99.94,120.42,8.441941025,18.6515545,29.92490658,3.415240456,1.736596371,3.667799363,25.2950588,2.79,8.081967273,6.219305872,19.89534818,19.08093155,163.39,5.616966384,3.149154907,16.29562495,8.672756494,29.82183615,0.848241814,12.66310372,29.9987956,272.7885069,High,1,3.8,Wednesday,Winter
02-01-2020,Thursday,485,167.24,37.61,119.34,122.58,109.35,124.79,139.48,139.13,196.39,40.66,113.14,117.74,22.64,177.66,126.1,31.96,61.85,94.02,123.31,115.74,192.76,11.16020589,0.427062036,13.88938916,2.245225355,6.002761749,17.34061134,20.71863532,12.47,32.589532,6.20944473,16.35621525,16.02771388,14.64,7.911817197,11.25132379,4.968992305,2.164146308,21.84391056,33.63155503,14.6957186,41.7974624,299.214432,High,1,6.3,Thursday,Winter
03-01-2020,Friday,398,174.93,108.49,120.97,157.24,127.43,82.26,105.43,120.4,128.34,174.83,97.48,60.99,88.24,117.04,130.39,157.97,43.34,92.43,90.72,177.25,28.77,8.353809991,10.84534504,6.483659347,12.29518716,6.710934057,12.33478516,9.431357933,18.95,12.27883642,29.783496,10.8671558,1.079148498,83.24,22.0577048,1.433279274,1.751652493,3.563299869,7.637203289,25.25332279,7.121251883,6.210837,229.5136894,Low,1,5.9,Friday,Winter
04-01-2020,Saturday,320,21.25,105.22,177.8,177.82,80.16,131.76,171.95,151.52,124.84,150.11,77.05,193.53,80.72,70.85,134.78,125.07,66.16,179.23,25.16,199.2,37.64,3.707475904,15.27780904,3.669698349,33.06877046,6.727666314,17.48908587,19.23818007,11.27,10.96019971,25.97486601,3.893603342,22.23073952,73.72,10.53473828,4.265157129,26.31794763,0.816944694,8.105496007,2.054324194,35.73712652,12.07650124,286.7449159,High,1,2.3,Saturday,Winter
05-01-2020,Sunday,78,111.93,51.18,92.63,81.57,158.76,28.23,165.02,103.74,154.65,32.18,98.23,183.7,23.48,96.54,63.56,160.75,83.96,181.2,124.99,124.89,27.93,20.15844419,9.843243905,13.33389609,6.807975321,22.13142986,5.081739629,7.558532038,12.15,14.51476763,1.295371445,16.00822689,27.75649375,16.48,11.70775942,6.453179404,6.648134237,10.14534637,45.753745,16.96711915,8.295567079,6.643995564,271.6183105,Low,1,0,Sunday,Winter
06-01-2020,Monday,121,95.13,98.09,44.12,167.83,39.19,176.88,125.36,30.83,166.12,147.41,159.3,149.99,42.39,26.76,148.53,155.31,141.32,183.65,22.03,166.25,53.35,7.417117014,17.11977857,1.528427605,17.64833613,2.169936307,3.657307268,14.72014843,1.51,14.66212063,6.257624136,10.91972118,5.672453145,35.39,0.846542542,22.22575368,9.510010904,6.994331595,22.15765021,0.469005948,11.45609644,12.39238674,197.7706261,Low,1,5,Monday,Winter
07-01-2020,Tuesday,238,59.98,91.73,25.18,39.91,33.52,195.23,176.29,121.21,138.17,117.84,128.35,116.01,94.46,43.02,36.45,164.54,31.26,76.5,161.73,78.85,117.43,9.056129828,16.39714649,1.679551071,6.886011433,2.788470626,31.22869242,13.06364307,18.3,13.00644057,6.081585023,5.803578592,5.804989008,89.46,5.768434766,3.320631696,9.893549607,2.770538266,13.12836187,32.76361492,8.923255155,9.71680191,235.5615598,Low,1,5.4,Tuesday,Winter
08-01-2020,Wednesday,70,41.58,130.85,155.92,172.36,151.07,194.4,57.05,192.37,43.06,34.71,180.65,176.59,108.72,157.8,55.87,113.24,57.89,144.39,75.16,75.03,136.2,7.942144163,23.95844366,18.91944356,24.05532931,13.26435535,34.22905527,11.81835691,3.83,8.30747958,6.333391298,24.30150515,34.08114934,100.72,5.303499579,8.479113432,1.803405377,1.845937618,18.20787185,8.720421856,5.7182898,30.06675386,307.0986911,High,1,6.9,Wednesday,Winter
09-01-2020,Thursday,152,80.77,134.32,131.66,42.95,109.19,154.94,40.15,51.55,80.89,102.49,99.81,43.52,92.77,20,177.94,45.26,165.62,68.89,27.25,92.49,28.21,12.92426095,5.822156413,15.04625196,4.780590194,20.13299627,10.51482277,4.118688987,8.87,7.23543084,5.166390236,17.86443593,0.583407774,87.77,0.482108586,17.53180843,1.626694524,15.57599976,4.121232472,2.742925173,14.32933596,5.068060187,191.67694,Low,1,2.7,Thursday,Winter
10-01-2020,Friday,171,189.72,28.15,146.73,91.51,143.91,43.42,68.55,144.2,187.06,107.25,129.28,162.29,115.57,94.98,152.97,140.81,46.45,54.31,125.9,141.05,190.27,9.160766847,1.800424071,18.50193446,15.07379085,30.29239869,5.709870413,7.190181357,6.87,20.19846869,2.374475449,1.317655562,24.92806334,107.57,10.13851197,3.820776333,22.98981089,4.4678883,11.69145138,8.332531367,14.12734135,32.83106639,278.0390953,High,1,-0.2,Friday,Winter
11-01-2020,Saturday,264,78.18,87.43,58.33,163.51,98.27,156.49,30.28,56.17,60.43,49.84,133.64,42.47,127.12,114.05,22.47,131.69,81.68,53.23,91.58,142.79,171.59,13.95923218,6.139187544,2.552715614,30.36449495,16.41064935,10.72917677,3.205836084,9.89,7.464263966,9.341729819,8.149642304,4.295067385,119.12,9.172566062,0.943704598,8.568359618,4.137754439,10.28646166,16.85830744,16.53112147,39.16116381,261.3355837,Low,1,-0.4,Saturday,Winter
12-01-2020,Sunday,190,113.38,132.65,44.55,46.99,64.35,24.43,115.61,116.45,86.99,190.23,126.51,162.96,21.79,29.83,64.71,153.61,175.64,81.58,195.28,76.74,73.39,9.629267204,10.19040726,3.459583767,4.903422855,3.496834903,5.105475815,20.55870143,8.96,4.813564797,2.850487969,26.93368846,14.30965779,14.79,3.69150053,11.15051807,4.361440688,15.98181784,5.245952338,29.67158788,11.49650128,13.91992202,211.436992,Low,1,6.2,Sunday,Winter
13-01-2020,Monday,137,146.54,110.56,22.62,61.27,167.44,23.98,188.59,37.4,97.77,173,146.47,69.64,103.54,195.15,58.59,50.58,47.89,97.39,117.96,43.98,33.89,10.51743325,10.10484571,2.630141831,5.779379903,3.89022491,0.411184875,31.18822949,5.51,5.373482888,34.33825644,6.572579296,0.772553329,95.54,5.718824405,7.843538347,1.553347231,3.041081713,15.69447985,8.607293994,2.933234775,9.085900192,196.3635006,Low,1,2.2,Monday,Winter
14-01-2020,Tuesday,422,85.45,174.17,83.11,150.01,163.89,78.25,27.08,101.07,99.09,140.42,62.74,177.88,193.43,60.7,68.75,55.1,34.89,169.57,69.54,133.83,50.58,1.966773435,20.30515462,16.27100883,11.56811535,10.96793848,9.591592222,2.805128863,7.14,19.66242013,12.06574843,1.829438703,29.05497037,188.43,5.458561517,13.39843599,7.920575934,4.938095943,41.25897648,16.63883124,7.265329906,5.483941535,272.9861945,High,1,3.9,Tuesday,Winter
15-01-2020,Wednesday,149,194.92,138.56,126.19,149.61,145.05,107.96,41.98,156.11,130.33,103.21,112.23,189.93,113.43,74.76,64.56,180.27,107.22,41.58,147.7,43.1,42.85,20.5917466,5.142574376,18.81953992,26.2258387,9.341878726,4.561238408,6.007849572,28.43,18.5960313,17.84525137,14.45748504,15.29149441,106.43,3.529265329,2.029481406,32.64171807,7.971088445,6.877034034,23.98680588,9.620239802,9.977770598,291.4931145,High,1,7.4,Wednesday,Winter
16-01-2020,Thursday,409,193.24,49.33,90.6,135.41,68.99,158.67,101.4,82.56,189.75,94.12,38.76,46.78,141.96,74.71,31.25,155,74.44,152.29,68.87,124.13,42.19,5.452759703,7.290144334,18.21122177,20.70286366,7.898378702,24.86831678,11.15437611,2.81,25.02014341,10.80904312,6.988447776,4.779243973,133.96,13.74430595,6.369335102,9.164331907,6.415361059,6.308689221,18.77580635,14.30523453,4.087445537,235.5533734,Low,1,6.4,Thursday,Winter
17-01-2020,Friday,201,65.32,32.7,98.75,144.91,126.24,142.99,188.1,139.68,63.32,137.18,89.21,103.28,76.14,61.47,102.61,183.48,121.41,115.66,182.76,144.82,113.34,3.853924475,1.271410888,16.63591982,3.999242223,19.9649197,6.130855279,20.00368254,6.13,6.96634741,23.2745693,7.947410237,13.20502296,69.14,6.673530121,5.405081245,2.67649167,15.49917856,19.96310106,7.729183117,16.31426431,34.08683293,249.5541489,Low,1,4.7,Friday,Winter
18-01-2020,Saturday,180,109.5,135.64,182.75,117.69,84.98,100.26,76.91,163.18,41.87,118.18,107.78,196.58,159.32,20.27,151.89,156.57,164.68,71.83,87.45,146.11,64.25,7.208793682,10.14071481,23.57634603,18.87204084,15.65306905,5.755646149,3.677583772,16.92,0.694634966,24.20212195,17.31703042,29.18012294,151.32,2.697428026,1.856530809,8.659193829,8.976907858,15.61568345,23.37633458,2.963500091,6.333018156,284.9187281,High,1,4.8,Saturday,Winter
19-01-2020,Sunday,99,74.16,24.77,82.69,65.32,36.48,69.25,111.3,186.89,55.54,31.21,137.4,107.01,159.13,151.28,129.21,127.49,44.69,108.71,118.98,155.62,84.47,12.13385477,2.414278247,3.46043021,6.023879791,6.332162404,6.932073715,10.00995423,4.78,6.171043647,0.304688235,20.23115232,20.05999274,151.13,10.40834094,23.27039068,3.078097234,1.847921853,28.54176889,23.23812719,23.76612219,10.83062215,242.0136311,Low,1,3.2,Sunday,Winter
20-01-2020,Monday,358,71.27,125.44,112.52,82.23,185.12,199.48,27.48,62.24,179.65,112.25,191.1,175.44,113.83,194.03,141.12,137.74,124.53,73.99,29.1,177.11,198.11,12.34461819,20.8092453,16.39322918,2.081190327,13.0662458,38.94133555,1.424514767,2.94,19.5730345,2.628496627,5.229358958,21.22283138,108.83,5.279321053,8.10167971,4.151402939,7.44064874,16.70653658,1.309021358,26.97053769,39.18639306,290.387934,High,1,3.7,Monday,Winter
21-01-2020,Tuesday,307,26.64,189.24,161.06,52.69,44.63,96.71,46.7,91.88,136.25,165.15,128.12,125.97,195.68,60.37,34.61,180.04,110.99,127.29,96.7,109.99,143.18,1.831337912,30.46656395,19.59082204,5.752176387,6.590482909,4.470870303,8.636922721,17.39,14.96172885,9.11136174,20.51972193,10.20432488,188.68,12.44156398,4.669085236,14.87313614,12.76013225,8.294867848,23.56636682,15.56491528,27.04701682,276.3413702,High,1,6.9,Tuesday,Winter
22-01-2020,Wednesday,393,129.72,123.59,91.38,183.52,191.04,101.25,197.59,47.43,71.46,102.66,153.85,87.56,42.6,139.35,191.27,124.19,45.93,98.09,169.83,151.44,190.82,24.34036212,17.74945249,11.27637355,17.03795326,14.10388577,3.633489195,15.20067808,9.27,6.622702965,13.74716042,12.537616,16.58661376,37.6,9.217827163,7.852609336,7.626455043,1.385167046,25.55823695,24.31412377,30.77705441,27.63836164,302.6702068,High,1,3.4,Wednesday,Winter
23-01-2020,Thursday,463,110.48,89.87,131.98,125.01,100.28,49.45,193.72,198.65,166.87,29.35,111.13,71.44,23.05,153.54,170.93,133.83,132.32,49.59,165.02,131.45,45.66,19.05284897,3.853114039,14.5517756,21.25042631,2.015812011,7.522438003,36.32206299,16.19,4.663443173,5.358207964,7.347348234,9.579633554,15.05,12.54565092,21.54514158,11.97811749,7.571303513,10.3493365,48.24312443,7.487627816,8.353645062,282.4192017,High,1,1.5,Thursday,Winter
24-01-2020,Friday,343,29.27,135.79,175.23,92.15,53.32,163.07,20.89,186.86,175.05,161.53,134.14,56.58,158.63,172.72,164.92,48.17,69.26,40.98,60.38,53.6,88.79,4.974582977,16.45477032,21.18709443,4.510530564,8.017156843,16.13447831,2.095918913,34.65,7.801456849,12.91936325,18.4953089,3.968933535,151.63,24.02986372,29.13980795,3.007934366,7.538354793,1.036154625,3.619520218,4.481220198,16.34185169,282.1043243,High,1,5.6,Friday,Winter
25-01-2020,Saturday,435,70.16,102.49,190.91,103.16,117.54,144.86,191.33,117.19,172.37,56.25,32.77,157.12,165.29,96.07,168.14,105.31,107.81,118.41,60.69,24.62,119.85,2.85586713,2.53265319,14.67801881,18.68685984,1.260063405,28.20551118,23.38918228,13.3,29.77838527,7.610155957,1.820148111,5.612432797,157.29,1.392797462,11.43124604,19.05061741,4.719773393,15.69403544,12.45870313,5.596508427,10.07880105,241.7616772,Low,1,2.2,Saturday,Winter
26-01-2020,Sunday,120,183.49,118.21,46.47,190.51,177.13,59.74,135.04,171.57,185.41,66.55,65.79,89.58,41.64,74.53,187.89,148.95,34.81,182.43,167.11,71.22,33.82,27.9055008,8.960476434,5.050060679,21.40230343,16.17478511,2.346713807,15.34303538,10.51,16.51714469,3.564254358,1.903636507,15.6467061,36.64,11.53994214,26.02039407,26.40089392,3.166321906,21.77196581,24.67692223,16.5932638,6.086945046,289.2569985,Low,1,6,Sunday,Winter
27-01-2020,Monday,493,63.12,189.46,186.79,47.6,151.8,34.83,176.23,113.77,65.4,49.65,85.13,112.03,67.8,78.55,117.97,68.77,102.73,81.91,187.47,99.75,20.75,11.71226881,16.87922719,9.535700536,0.876139928,10.30131823,4.896512564,5.604526434,16.32,7.392724454,8.713149367,0.863815113,9.57238488,59.8,8.609858451,5.382247743,8.979309515,3.377397582,15.80626376,47.06870185,5.321619578,4.277379932,206.3736779,Low,1,4.9,Monday,Winter
28-01-2020,Tuesday,326,46.08,89.5,108.58,125.52,165.18,142.49,101.85,132.25,155.91,79.44,105.05,108.62,23.16,148.27,56.05,56.41,75.16,151.94,37.16,131.08,140.68,6.384986304,1.720627335,18.57888729,26.55190578,23.57340704,7.581086204,8.432118287,17.88,2.616811353,14.5989213,11.46263325,15.89500131,15.16,8.702905571,6.702050864,4.814953068,1.197416933,13.61100099,4.583718541,19.97480304,28.51429844,246.6007326,Low,1,3.7,Tuesday,Winter
29-01-2020,Wednesday,210,108.1,193.01,66.48,111.06,138.58,137.81,112.81,36.04,102.9,156.22,28.22,123.91,72.8,167.02,131.02,76.49,168.03,138.56,101.01,172.99,135.53,8.02833859,12.71999341,3.084967786,10.85615917,23.14892754,5.665199478,3.503067633,7.13,1.672024747,10.99807725,4.273394894,13.46152782,67.8,3.811949998,10.55406293,6.466690073,19.10963704,23.660997,26.95211058,10.67896049,26.17101373,249.1115687,Low,1,3.2,Wednesday,Winter
30-01-2020,Thursday,363,197.42,182.96,102.64,130.06,144.61,69.19,107.99,155.95,171.56,113.49,45.2,175.8,159.17,52.69,153.72,63.47,30.26,187.68,80.74,55.32,93.94,22.14728081,37.54651601,2.696506062,9.33565737,10.72145267,10.30246248,13.47160331,9.41,26.21490908,12.00988865,4.584173114,8.322114968,152.17,2.190236554,7.799597199,4.53518413,0.663881782,59.07453081,19.33804226,1.76208645,25.64155663,327.1223686,High,1,0.9,Thursday,Winter
31-01-2020,Friday,71,63.57,55.24,196.41,23.26,172.86,191.16,140.04,42.99,151.13,56.88,69.83,196.53,113.23,86.77,152.83,58.68,95.35,167.78,176.72,42.6,108.14,8.665686243,9.670554589,17.48919566,2.119064256,27.47537204,22.6236792,12.61326192,5.92,19.34744515,1.296879916,11.85932251,22.12303632,106.23,15.73649761,11.44239203,7.526410583,4.669948234,41.94268145,16.54748196,3.718145173,13.43474166,286.9910928,High,1,2.7,Friday,Winter
01-02-2020,Saturday,302,140.98,32.49,108.67,176.98,64.94,47.19,45.14,168.69,159.76,178.01,194.88,93.37,82.66,182.35,113.86,96.47,102.52,121.99,35.03,193.43,94.78,14.62987806,2.657745257,13.69395565,27.72329234,4.545815074,7.648098923,6.447411349,3.35,17.58528241,19.47725992,10.65880355,1.894105587,77.66,25.69540105,5.419875423,10.34652498,11.74644221,33.71523336,9.976101343,9.518216127,10.42172985,273.2670318,High,2,5.7,Saturday,Winter
02-02-2020,Sunday,142,157.09,38.14,79.18,187.78,108.1,97.82,25.4,160.77,138.11,178.32,79.64,168.95,86.91,165.2,32.32,183.41,150.5,138.27,58,39.45,24.32,5.576163568,0.660526979,7.454890737,11.99991559,10.71007229,6.565869868,1.256350126,5.08,7.295860941,20.2159112,4.68132002,14.51875427,79.91,8.766770557,5.851840822,33.48117889,8.07411755,42.81092046,19.91851116,8.22665811,4.428148216,245.6910354,Low,2,4.1,Sunday,Winter
03-02-2020,Monday,394,62.77,23.28,134.01,121.72,59.82,189.85,75.43,147.57,51.94,176.7,106.77,157.62,20.24,197.27,86.8,111.27,123.37,181.71,155.44,106.13,80.37,4.330811533,0.937287333,8.597061822,5.41092708,9.13348205,16.72568375,3.313769564,1.59,7.250101781,6.346971194,3.561223385,17.42240462,12.24,4.83663302,6.924446935,24.56537563,17.62542143,3.902566804,15.32496837,15.40618454,23.92898795,199.321431,Low,2,-0.9,Monday,Winter
04-02-2020,Tuesday,98,151.08,37,63.23,145.4,197.78,95.55,146.84,26.51,118.1,62.98,55.3,123.24,73.96,155.76,185.74,53.83,140.1,91.91,29.23,125.4,51.87,25.63511407,2.886577181,7.522759895,5.189339553,26.35553449,7.711819215,12.63507017,5.3,5.731657338,5.911291101,2.129705882,12.18983984,65.96,21.62260257,10.76162916,3.937722422,16.87586207,17.79649195,3.906656526,5.707839524,14.04468778,224.6234185,Low,2,-2.6,Tuesday,Winter
05-02-2020,Wednesday,108,86.2,142.94,33.66,186.05,189.93,134.93,56.33,74.56,197.24,101.22,129.94,192.09,136.36,90.78,125.2,33.85,159.87,78.82,108.66,117.45,37.72,15.74849963,27.43633424,2.734880296,11.97094935,35.14244407,28.85541715,11.27722622,12.11,7.729627299,6.095251824,8.841772897,28.89630069,128.36,11.7759936,11.06050816,4.471863398,7.451755614,10.3631184,20.2086013,1.905602546,8.657803214,299.3740537,High,2,0.4,Wednesday,Winter
06-02-2020,Thursday,219,133.82,32.81,43.2,147.3,27.1,91.57,141.22,67.36,188.73,197.3,70.52,56.09,195.35,126.31,116.9,145.31,175.2,21.95,99.58,35.49,192.21,4.774488455,1.220668016,8.643943115,20.98934162,1.557908462,6.297652354,22.1894707,10.74,20.1069457,18.43486279,10.76381385,8.700691554,187.35,10.15184871,8.972348015,4.510860639,2.438969432,5.693875876,8.626075279,7.211754321,18.17135987,230.6267871,Low,2,0.3,Thursday,Winter
07-02-2020,Friday,237,134.04,77.42,43.05,47.46,147,69.36,194.58,84.82,27.77,158.96,57.26,39.67,172.47,138.98,68.39,88.9,76.5,168.78,80.19,30.26,127.88,26.9941428,11.23307241,7.680211917,5.163460989,20.21465083,4.25865353,18.53088919,9.06,1.441552599,17.00193159,9.311195748,6.80527414,164.47,11.45367043,10.71225954,4.054849986,7.714710881,14.12309369,1.773859125,1.763051368,17.07516057,237.7134477,Low,2,-1.3,Friday,Winter
08-02-2020,Saturday,320,116.44,172.08,47.34,123.73,186.54,197.12,36.9,35.78,49.67,24.89,112.98,173.71,24.25,34.12,86.32,167.93,116.84,164.18,91.02,38.99,151.16,7.895826221,5.279021973,5.285162188,6.655985428,25.41618482,15.37097427,4.074737802,2.4,3.089757753,0.298923461,20.1725126,3.218200675,16.25,1.858143901,16.46082689,12.23545019,6.37306238,53.12221998,7.315012657,7.139860427,18.89378971,226.7193701,Low,2,2.6,Saturday,Winter
09-02-2020,Sunday,119,36.25,24.19,44.99,129.21,52.5,93.68,141.07,188.65,43.71,31.74,20.99,99.05,181.74,118.01,181.16,138.71,171.22,38.8,115.39,125.41,76.77,4.891754595,5.158511725,3.222003738,5.822065568,9.836615996,11.7435295,3.799839509,7.31,6.050779633,5.691644006,1.143223976,4.326470893,174.74,16.57331211,17.34776463,7.108829112,3.273224535,8.741648686,11.48213255,12.21744667,16.90240974,174.9570931,Low,2,4.5,Sunday,Winter
10-02-2020,Monday,495,170.35,166.6,135.36,96.34,122.23,180.94,99.88,119.68,150.68,103.51,21.38,172.45,160.98,147.68,139.96,163.32,198.1,123.83,49.05,117.98,90.77,23.91335831,14.20961828,21.81789116,7.741932294,4.557638932,10.70333776,20.10139057,7.67,16.14658512,14.21280613,3.454729968,18.3878753,152.98,29.47380232,25.68045455,25.3275546,18.53397924,29.21305829,6.559321409,20.1675866,8.780830317,373.6812585,High,2,6,Monday,Winter
11-02-2020,Tuesday,224,77.74,70.73,52.74,152.56,184.79,61.39,176.27,74.99,167.2,183.66,59.43,180.76,160.47,50.12,161.73,68.95,180.11,103.52,122.96,62.07,62.65,11.65609007,10.03484229,0.93591132,30.76504647,26.84015281,11.2178629,25.09038751,6.11,25.94210731,13.81552557,4.597644282,31.24306039,152.47,2.20988574,20.25051635,2.390275927,1.512049991,4.412653199,7.250040877,6.383851771,18.30441076,292.0708601,High,2,3.7,Tuesday,Winter
12-02-2020,Wednesday,495,53.57,41.27,82.22,188.19,26.11,58.36,51.89,91.46,58.43,116.97,26.61,31.24,102.44,160.51,101.78,144.62,86.86,41.37,164.98,134.8,37.45,10.52370787,3.134372403,8.625148501,13.74399534,2.980431264,3.648791629,3.336013382,14.06,6.063452837,2.740142244,0.802081792,5.221741846,5.668902559,20.66407889,4.202529842,12.4361338,7.735910912,2.857068963,48.61085097,5.119629806,5.400336057,187.5753209,Low,2,3,Wednesday,Winter
13-02-2020,Thursday,100,27.34,145.41,181.42,186.6,145.54,25.6,144.67,100.5,111.05,109.61,39.44,179.02,91.64,125.08,133.44,67.53,55.13,196.5,156.83,167.61,52.23,2.053316057,17.38239395,14.12197108,36.44691259,9.172236528,4.63849709,16.04196201,11.31,3.03723338,19.47362858,7.288675738,32.11399976,22.2660712,12.04457111,19.37453339,8.084354791,1.360792453,41.10164315,34.82573523,13.12492452,12.70121519,337.9646678,High,2,0.8,Thursday,Winter
14-02-2020,Friday,413,126.36,133.21,105.31,101.15,73.52,137.3,170.86,128.11,171.33,38.99,80.99,100.7,74.52,191.4,64.71,189.03,108.09,58.65,47.7,27.48,163.55,19.83964217,6.417296993,21.35018205,10.36111323,6.833570939,3.760581522,4.745868742,3.17,9.326655291,6.993078811,11.6153507,6.66401071,20.59403464,16.53925569,6.425377388,28.27378307,2.615639782,1.401565568,2.022070693,1.527304323,42.37838434,232.8547667,Low,2,-1.3,Friday,Winter
15-02-2020,Saturday,104,141.96,177.94,140.16,40.38,186.39,86.33,190.03,112.82,151.9,138.22,164.47,111.88,31.83,27.64,146.98,134.55,153.5,32.1,46.86,109.66,141.96,5.053293586,6.225024883,1.727338683,1.790178075,14.67730676,10.77550317,36.51664551,1.51,24.685426,6.808123254,6.239912221,9.481937449,10.28246107,1.6300344,20.58725446,9.801907121,5.216796794,9.413882698,11.130436,12.49128169,29.35531142,235.4000552,Low,2,3.6,Saturday,Winter
16-02-2020,Sunday,146,22.99,152.31,51.02,197.27,194.79,175.58,142.98,185.49,117.6,167.98,122.97,132.79,61.08,67.76,96.97,78.41,108.66,127.07,68.27,144.08,118.45,3.427931405,30.32815368,5.506435119,35.36819497,25.27114342,29.71360806,5.628218021,5.46,12.02554385,12.29820117,11.28383913,13.86917517,7.350493514,11.42863158,17.66567286,13.9017581,15.83725351,2.550830877,13.66612289,26.38085225,22.03926673,321.0013263,Low,2,7,Sunday,Winter
17-02-2020,Monday,369,112.18,164.63,54.61,171,189.97,105.18,109.49,109.45,126.26,88.48,112.28,186.75,64.39,128.28,99.66,68.51,106.97,153,84.99,65.42,105.52,15.47853395,30.48822141,7.800908011,17.57187001,37.13297337,4.583491071,14.55266072,9.63,21.40955721,4.522870407,6.043339748,6.753041881,3.106600551,12.7416446,8.86030553,7.476294821,9.468256744,34.10723844,27.27272694,4.903440544,25.61192736,309.5159033,High,2,6.2,Monday,Winter
18-02-2020,Tuesday,180,60.77,70.77,27.36,42.44,105.36,194.27,131.21,198.59,111.5,159.61,72.83,23.44,107.13,73.38,136.88,54.37,170.88,25.84,93.52,75.4,186.04,8.34297836,12.14083557,2.623393607,6.75278982,11.77315534,38.14155478,7.863050243,37.2,1.055330628,18.18327544,10.42692204,0.355376566,17.92095178,7.982861865,26.68766981,4.191660718,16.37467897,3.333017033,1.768347166,1.307363067,50.29713318,284.722346,High,2,6.8,Tuesday,Winter
19-02-2020,Wednesday,356,136.13,51.94,50.41,185.75,175.17,53.39,176.4,173.26,73.56,193.61,187.72,105.83,154.54,148.6,188.53,145.04,85.05,138.57,142.35,130.45,33.09,8.55374169,6.109354175,1.286787771,35.09881599,23.87263059,5.119661322,23.79695601,22.72,8.28217668,6.606978693,21.38639552,18.76213584,6.882566403,10.04001587,26.87134755,3.653867923,5.700886915,26.28778163,13.36394926,18.482923,6.928049534,299.8070224,High,2,4.1,Wednesday,Winter
20-02-2020,Thursday,184,51.39,155.11,70.15,176.58,172.02,176.35,122.71,57.53,121.7,56.68,91.46,143.79,105.29,156.62,31.52,59.37,174.76,115.81,30.2,181.63,70.51,8.84471123,26.46900983,13.6603387,3.528968632,18.88540745,33.13801207,19.72232716,9.34,1.722748777,4.843260194,16.28193944,8.724731583,32.6942674,7.194314052,3.291316767,6.004944253,8.033633767,28.24053012,7.459084346,30.64311203,17.19507184,305.9177296,High,2,1,Thursday,Winter
21-02-2020,Friday,70,144.37,165.23,51.86,113.39,77.44,159.79,25.47,187.51,144,114.2,35.68,150.09,30.41,38.45,168.45,127.15,93.22,38.59,26.24,165.79,82.99,6.510858072,3.886464573,5.340063577,3.248676452,1.500735601,22.55481667,3.707484436,18.49,14.05264727,18.92098271,0.733807802,8.461260808,1.774928606,1.096624191,21.31799985,22.94004014,2.963833585,4.631260517,7.331154877,42.92633894,30.10131662,242.4912953,Low,2,5.8,Friday,Winter
22-02-2020,Saturday,378,89.61,198.29,35.97,126.43,169.2,158.77,187.57,40.95,177.2,71.68,131.07,144.66,192.4,112.49,72.63,67.63,79.08,51.05,90.54,124.96,160.84,1.974264095,14.23181223,4.321870508,20.12038067,9.758293848,10.21441091,23.59155687,3.22,28.97666733,9.937658219,9.485646682,4.065073417,17.30082175,16.44338925,5.177638789,9.210200142,5.681771179,2.408829481,23.83587221,20.64852561,37.55036334,278.1550465,High,2,6.3,Saturday,Winter
23-02-2020,Sunday,108,188.61,94.27,41.71,91.82,26.66,172.06,144.11,167.14,134.53,162.71,40.49,44.2,189.69,111.6,99.91,139.15,101.72,122.24,145.49,151.44,198.65,28.45332348,6.054139004,2.506834125,6.394126629,2.673171628,8.645719413,25.49493573,5.11,27.12943023,14.24870375,3.678076002,8.85380674,25.69937557,5.403238112,18.75760124,22.34095452,8.141717863,5.055309873,30.54763155,21.72876973,42.21747725,319.1343424,Low,2,5.2,Sunday,Winter
24-02-2020,Monday,323,44.75,86.96,102.94,29.86,127.33,156.98,141.77,88.51,157,123.97,82.14,73.89,161.33,86.47,23.94,166.69,157.24,73.34,54.82,85.67,63.32,4.191049642,11.14560355,11.32222164,1.243126169,8.386433871,10.03776876,3.737271269,15.62,20.18650052,12.19397657,9.693334603,8.128957744,22.96107907,12.47000195,3.095968999,16.2576882,11.84897789,13.62580715,2.563207074,12.97257052,19.39807849,231.0796237,Low,2,1.3,Monday,Winter
25-02-2020,Tuesday,437,81.39,159.75,57.14,80.34,61.4,132.72,58.82,178.04,48.81,134.22,111.33,84.57,198.44,187.93,74.19,160.04,42.68,188.9,135.47,135.37,177.38,14.29530571,12.0360745,5.533513744,1.344607084,2.603460962,3.849756504,4.20799712,28.27,4.694100707,15.41427008,8.1339119,11.61116872,55.07248498,15.06788304,1.399927622,5.396550911,1.417141554,30.76795525,25.11199571,37.11750095,23.01087409,306.3564811,High,2,0,Tuesday,Winter
26-02-2020,Wednesday,138,40.43,81.34,85.57,164.51,41.7,43.62,138.6,176.25,103.08,163.62,177.36,164.8,118.01,168.95,110.47,156.95,55.36,167.37,66.77,103.91,169.51,3.026292802,2.935987614,2.0731259,2.28836231,4.516653187,1.755252759,7.326795357,7.39,20.01479444,1.688406992,24.30382954,32.72614958,18.38647846,15.24966833,7.566122436,2.009326603,7.517632478,41.77364247,4.936617981,25.96735246,21.97400818,255.4264999,Low,2,0.2,Wednesday,Winter
27-02-2020,Thursday,365,186.44,187.54,110.62,20.83,33.85,25.85,90.9,165.07,21.68,91.27,108.84,70.18,193.3,145.5,30.11,53.79,191.26,197.04,179.5,54.19,60.44,7.466108243,25.27304308,3.088383945,2.961473716,2.386315702,0.815503614,18.56984946,17.72,2.848585287,2.048244856,17.68140114,4.86520738,13.99446494,13.97666443,4.055417232,3.112171904,4.631860352,32.6503587,12.91476137,4.768309848,13.31734187,209.1454671,Low,2,-1.2,Thursday,Winter
28-02-2020,Friday,63,177.92,174.51,144.27,80.03,145.33,185.75,137.22,162.21,64.4,184.72,146.41,57.93,33.61,148.58,108.4,35.91,51.59,66.74,181.22,146.31,91.88,32.03662059,26.14261711,24.45997225,3.095172859,8.579942847,18.11650829,11.06669587,16.64,1.298582368,38.06855905,29.7652818,6.682013769,3.154091222,12.63686796,2.389631574,4.441634278,6.805894608,9.077515961,41.77982582,11.61293669,23.17752043,331.0278853,High,2,-1.2,Friday,Winter
29-02-2020,Saturday,291,66.43,97.22,27.08,91.67,81.18,131,39.19,74.84,150.76,115.95,198.71,192.34,85.82,103.11,186.88,145.81,122.19,194.55,73.51,120.16,93.74,7.269930941,8.591282443,1.451730949,9.113400284,7.444525013,21.56858158,6.058279834,9.64,11.92003702,3.443954204,26.81404311,3.063730088,14.60291453,2.748761799,2.851168904,27.58272972,0.818105854,28.62496301,3.912053438,9.344235332,31.09395499,237.9583831,Low,2,1.2,Saturday,Winter
01-03-2020,Sunday,157,138.8,155.16,163.89,116.73,150.46,163.38,138.41,34.57,198.53,48.43,43.67,21.6,60.57,185.78,38.97,86.3,124.28,97.62,61.4,84.55,196.08,6.473764342,5.472672302,7.478046218,15.80103234,5.699763633,6.552980226,17.65119871,6.56,10.24242358,7.562808017,7.745894252,0.928430758,2.3,12.45325725,3.456603169,4.662498408,12.6,1.47,6.08,8.131837534,13.62278015,162.9459909,Low,3,3.8,Sunday,Spring
02-03-2020,Monday,395,167.1,155.82,133.02,185.57,31.76,106.67,199.89,92.54,37.85,145.26,69.45,199.61,55.25,145.03,157.6,97.82,108.13,82.55,94.03,184.04,52.56,26.26618483,7.115154898,13.77371498,15.7299022,6.343476523,3.603272453,10.26818941,11.12,4.036068322,26.80114255,9.018655092,36.52403804,6.97,21.65005138,10.88089356,12.00114448,7.93,6.09,17.71,29.22723622,5.113058795,288.1721837,High,3,4.3,Monday,Spring
03-03-2020,Tuesday,102,119.94,38.56,34.72,82.34,76.75,41.12,28.68,51.23,92.27,162.79,91.02,141.83,45.34,151.22,93.74,25.61,136.05,29.06,63.3,23.77,163.85,12.63798204,2.316188505,5.213693883,1.338613159,13.43833824,5.707834937,1.684950083,5.77,10.61134306,8.965260517,14.53267863,20.65846522,5.33,22.69809066,8.615921647,1.992342911,12.97,5.68,2.87,2.524034125,16.63147553,182.1872132,Low,3,3.8,Tuesday,Spring
04-03-2020,Wednesday,435,115.34,182.46,177.24,82.45,117.11,42.53,195.89,145.09,164.01,77.02,95.93,169.12,132.03,175.1,137.93,66.72,61.37,29.5,141.03,76.84,80.15,13.63372479,12.16746734,3.892150942,11.85938976,15.33269814,2.00484781,12.51601787,2.84,15.98084349,6.604929722,7.416064195,13.91845524,19.25,10.74973031,7.777403212,6.070360858,7.27,5.19,27.62,1.72131447,3.616091619,207.4314898,Low,3,2.1,Wednesday,Spring
05-03-2020,Thursday,389,63.53,110.95,185.76,152.75,162.33,143.4,93.24,82.3,56.73,174.29,93.98,73.03,160.64,69.33,66.84,26.06,119.48,144.56,168.69,30.24,151.56,5.601479691,15.50754474,20.45160758,1.754952073,4.635486989,4.018794613,8.927623184,1.81,5.082704753,22.36648994,8.63556567,5.532739771,30.23,6.404990799,2.754415395,1.55720001,11.08,10.49,33.55,4.823721524,12.38649331,217.60181,Low,3,1.4,Thursday,Spring
06-03-2020,Friday,141,36.76,168.76,30.99,101.4,77.38,97.46,176.74,195.61,119.92,183.11,183.37,22.58,124.09,165.27,48.71,178.25,86.99,102.43,141.16,157.97,95.6,6.278826835,18.92690595,0.997179778,17.07736077,11.4986731,4.116382281,9.910685111,8.92,5.722678699,36.55296131,14.77369297,2.387495979,22.75,8.450893625,6.788277756,6.69296907,7.73,12.46,16.31,28.09814054,10.51203745,256.9551612,High,3,0.9,Friday,Spring
07-03-2020,Saturday,416,181.5,77.61,69.84,60.43,132.66,56.09,160.83,135.37,151.95,69.84,148.53,152.82,46.45,55.14,48.88,63.81,139.1,60.77,168.38,146.38,124.1,28.74599228,10.76394448,1.151480332,11.84227524,22.6924618,9.597503287,2.343892234,2.19,14.12802698,12.03527875,13.47804953,1.581064141,8.81,2.721593683,5.074950873,2.596182458,20.76,10.39,7.13,9.221223877,4.21857402,201.472494,Low,3,1.3,Saturday,Spring
08-03-2020,Sunday,246,182.08,181.19,165.12,101.44,179.48,108.49,122.06,168.05,130.88,197.03,129.42,170.15,166,82.16,32.69,120.32,45.42,130.51,91.46,79.64,169.87,26.97757051,13.70956329,3.608303046,8.943727914,30.59362699,17.87300282,19.61001209,25.42,25.67259178,31.93405986,8.082645754,9.870273481,9.38,1.173895195,1.683556203,2.836901021,6.37,12.25,6.41,10.40013714,10.98667202,283.7865391,Low,3,3.8,Sunday,Spring
09-03-2020,Monday,477,133.96,90.06,154.69,45.35,130.86,31.56,152.92,43.85,53.84,45.33,75.69,153.29,134.47,80.41,53.42,27.02,122.76,65.51,48.14,141.62,164.75,3.853137974,14.41405481,27.02565266,5.078035541,4.259305087,2.206389063,31.75426739,6.46,7.708022049,1.115503327,17.33348704,7.673643019,4.71,13.97380165,3.941578728,1.163715701,20.66,0.88,4.36,13.84257176,17.21269532,209.6258611,Low,3,6.6,Monday,Spring
10-03-2020,Tuesday,313,81.03,21.95,53.21,51.75,61.93,124.75,178.13,175.16,83.97,56.36,168.28,45.71,89.87,196.13,139.56,140.03,53.35,123.97,152.83,91.27,175.96,15.03675986,1.03274065,1.743594201,5.218715664,8.89309595,18.42900816,12.87074155,6.28,5.208848741,8.507121433,12.38945671,2.670936569,6.06,9.627957134,15.96041074,1.731067597,3.07,2.99,10.51,17.06454127,11.36492382,176.6599201,Low,3,4.8,Tuesday,Spring
11-03-2020,Wednesday,480,82.86,182.97,57.68,109.71,24.39,68.42,92.75,186.1,161.08,53.16,191.91,155.62,141.34,174.18,178.7,78.14,70.16,84.66,84.89,156.13,30.73,10.28417916,16.49542184,1.041810235,9.29196176,4.087955727,7.932628389,6.428123027,31.42,34.80604955,5.10752997,4.811589631,22.86180492,25.45,9.596629528,4.018704481,11.13309902,8.83,9.06,5.38,27.25975902,1.138857748,256.436104,High,3,4.7,Wednesday,Spring
12-03-2020,Thursday,84,150.67,36.43,86.68,95.41,176.62,163.56,78.87,107.67,119.76,180.92,167.82,158.41,66.78,146.21,166.54,181.63,59.37,168.24,140.83,101.75,144.57,21.3851248,6.457109937,7.338029225,16.67659695,20.82530515,23.39414183,0.903789172,4.24,23.24365397,20.65653966,16.42395199,10.20146295,13,9.309616937,5.970193204,10.34298681,7.19,32.67,27.42,11.46140598,16.64854868,305.7584572,High,3,3.8,Thursday,Spring
13-03-2020,Friday,255,181.48,77.48,107.21,184.67,23.83,75.87,140.17,129.13,20.94,137.77,20.28,138.54,82.13,150.87,143.32,179.86,52.91,167.73,68.72,94.21,45.2,13.53470604,3.191199901,16.4711051,35.17952006,3.039478066,10.87535565,20.63938776,8.68,0.96061553,2.16080417,0.361600392,6.613871637,14.23,5.2176233,3.468842752,37.20573392,4.25,23.77,2.69,12.05760158,3.760886294,228.3583322,Low,3,1.9,Friday,Spring
14-03-2020,Saturday,130,179.68,191.01,131.29,85.23,177.45,101.94,165.41,157.67,156.98,47.38,134.55,157.9,185.15,121.17,39.88,78.55,168.63,105.92,34.62,188.25,94.85,30.46861406,5.440199154,7.296581183,6.740475678,18.24329827,13.78680801,30.08389845,9.04,2.444283973,2.036698026,3.588558127,15.34457202,5.72,16.42368371,6.796971199,3.149730806,17.26,2.49,5.17,30.44052109,6.425609573,238.3905033,High,3,-1.2,Saturday,Spring
15-03-2020,Sunday,234,160.38,191.11,86.4,124.51,115.21,22.09,157.21,51.47,26.36,99.26,29.2,172.27,72.29,190.48,72.05,182.17,71.43,83.15,198.66,65.16,118.75,25.19853721,37.0880692,7.409279742,17.20332131,12.47334324,1.362354386,5.65521434,4.16,3.243175134,13.6097563,1.328523538,32.63496634,13.74,4.959168159,10.26666696,14.96403629,4.97,3.82,2,6.387470509,6.195405189,228.6692878,Low,3,3.5,Sunday,Spring
16-03-2020,Monday,99,135.57,123.22,103.26,133.81,189.03,33.04,163.61,110.46,154.23,130.75,66.37,130.45,104.6,109.33,75.77,199.31,186.88,85.26,48.12,41.68,92.49,4.013568656,8.68803822,1.887442009,23.04050513,3.300634115,0.593359096,6.269076254,6.45,20.73749175,12.37421654,5.498164744,7.994247547,9.46,4.238104047,12.23958432,13.29028445,6.91,13.35,5.93,2.676817201,7.564115408,176.5056495,Low,3,3.7,Monday,Spring
17-03-2020,Tuesday,409,35.15,133.73,154.54,22.36,163.78,90.65,98.4,91.76,56.45,35.02,30.71,35.95,180.23,88.49,64.99,168.57,194.59,165.03,197.92,125.22,113.53,2.897574031,18.53332646,13.54440734,4.592672249,19.68630093,8.098678249,17.1567073,9.44,11.52863303,2.317663672,2.73442619,0.913619834,2.12,10.96505673,9.177465966,2.163928426,9.85,28.03,36.42,19.71001735,9.804380533,239.6848583,High,3,5.3,Tuesday,Spring
18-03-2020,Wednesday,437,49.09,100.72,26.6,139.44,199.63,106.39,167.21,46.35,192.45,178.83,128.68,107.77,147.39,49.35,112.7,172.08,122.83,79.07,195.91,194.48,199.37,8.244372742,1.501931704,3.390975166,13.99891225,4.984522842,17.55292454,21.90944023,4.05,38.95943665,12.67674888,18.58037529,8.902704666,13.86,3.8466733,14.4696338,33.23970639,3.69,10.07,12.68,10.3693294,14.98587808,271.9635659,High,3,6.2,Wednesday,Spring
19-03-2020,Thursday,51,181.74,72.78,65.44,52.05,83.13,128,41.64,86.16,86.23,164.65,143.59,33.98,31.2,161.52,116.4,64.82,45.74,57.63,162.89,88.01,44.34,3.562666062,9.633416218,7.793028052,4.939261279,8.094855727,15.81761515,0.78375472,17.01,9.356374001,26.04808404,22.38896523,4.789049806,0.59,25.1732633,11.6735226,1.205116319,6.39,7.63,7.37,6.975742356,1.416918582,198.6416334,Low,3,5.3,Thursday,Spring
20-03-2020,Friday,439,129.16,79.16,148.4,192.99,158.09,72.5,118.01,32.27,78.85,110.94,40.61,93.36,46.51,152.2,84.24,123.81,87.42,35.24,138.7,31.17,141.58,25.8610181,5.750290996,10.76953463,11.24722473,11.35495895,10.98401359,16.38868743,0.67,8.374590592,19.72993756,2.969175761,10.43073589,5.27,18.20498723,10.96526493,23.27532933,11.85,0.54,18.56,5.055205748,18.1147198,246.3656753,High,3,1.1,Friday,Spring
21-03-2020,Saturday,103,21.66,141.05,181.14,46.76,92.35,145.1,21.04,24.65,46.8,194.08,89.09,93.28,21.41,89.18,83.68,32.11,163.59,104,124.01,81.07,91.28,3.139091791,2.647241238,12.9969844,9.214540858,10.70158768,28.25367676,1.558140949,0.91,0.745672456,9.932706396,7.842671699,15.29641694,1.59,5.218240812,1.462721918,5.679102277,31.18,17.41,18.03,12.91718981,4.252972633,200.9789586,Low,3,-0.4,Saturday,Spring
22-03-2020,Sunday,77,38.26,155.43,112.1,94.63,106.38,174.82,78.43,44.33,75.01,95.2,102.12,31.88,133.57,24.53,169.14,37.09,86.13,106.78,175.9,111.07,43.94,4.968011136,19.7440702,3.121970668,3.255421197,3.495000969,7.080217584,5.831259896,0.89,5.037569406,2.596547129,6.254712232,6.665269814,13.35,3.304766683,20.78448602,4.496555025,12.8,17.06,24.75,10.00997835,2.825912304,178.3217486,Low,3,-0.9,Sunday,Spring
23-03-2020,Monday,309,139.43,162.48,115.78,35.36,132.95,160.37,85.96,193.36,177.8,197.14,86.43,82.79,100.58,171.02,162.07,199.8,35.66,171.36,72.1,49.15,48.57,8.45490282,9.845916128,8.948207731,4.003406624,18.79194614,23.16184309,13.71830456,24.93,18.91350502,10.70404327,15.84408088,14.37511067,12.72,5.355743004,25.09110208,23.06205235,0.71,10.15,5.1,2.676574748,2.729910563,259.2866497,High,3,2.2,Monday,Spring
24-03-2020,Tuesday,359,20.91,162.13,39.29,199.44,177.26,27.13,91.31,118.92,199.34,140.23,41.78,39.98,44.17,22.06,75.4,78.8,120.22,59.82,104.18,138.46,190.87,1.232749425,12.73435153,1.228803605,12.98285033,30.24787441,3.8646042,15.83015312,2.42,26.46449989,27.36425326,0.72683225,5.040958041,7.73,2.448120891,8.456456962,8.920580828,21.4,8.65,6.03,10.18950777,10.07195083,224.0345473,Low,3,4.3,Tuesday,Spring
25-03-2020,Wednesday,240,48.95,36.42,100.53,110.4,197.14,106.49,145.18,193.85,86.3,134.24,95.41,165.48,192.43,146.67,184.48,154.67,172.12,88.58,131.49,199.59,178.33,9.271815985,0.999842695,15.80145854,6.921708304,8.792050145,22.72646602,11.6758886,32.75,10.42233459,17.14537742,1.21730914,16.59648483,26.12,13.94693976,13.47648826,11.62455682,29.93,4.5,25.2,12.90218039,23.32593888,315.3468404,High,3,7.2,Wednesday,Spring
26-03-2020,Thursday,451,118.77,109,115.87,127.17,158.29,38.89,89.94,97.85,100.75,49.87,155.21,190.58,115.34,194.65,191.51,165.2,163.27,165.51,94.01,101.31,183.27,8.231594734,4.158284586,22.86614541,12.098685,4.69947866,7.352189379,17.24942361,10.5,13.50271806,4.601270027,21.60787531,3.090268777,10.67,12.08252596,12.99060748,20.47503076,15.39,2.92,17.43,4.116380509,19.52012553,245.5526038,High,3,6.1,Thursday,Spring
27-03-2020,Friday,267,144.54,30.36,63.64,32.07,95.2,63.57,100.76,76.13,149.97,178.75,32.78,33.02,63.54,98.78,78.81,174.44,51.52,168.25,96.95,83.85,198.48,21.53397835,1.924313578,13.02906554,6.636992057,3.337403447,8.240411464,8.08580049,8.38,11.31160256,23.95489389,3.193540671,6.946347829,10.53,13.25489838,9.679826263,3.322733648,6.25,8.11,9.39,12.98251817,13.67872276,203.7730491,Low,3,3.9,Friday,Spring
28-03-2020,Saturday,93,137.35,118.92,68.46,154.99,95.84,197.6,62.76,111.11,179.52,96.95,34.43,191.92,110.11,62.3,83.8,199.57,141.1,89.23,79.45,92.13,57.5,11.50168433,3.178560703,12.51312802,3.374358323,17.83751156,12.13141186,8.977773772,12.97,22.57278164,8.664829376,1.103444808,14.8482972,20.05,10.93872221,12.93242469,3.241246221,27.58,3.92,13.57,4.958493958,5.920363107,232.7850318,Low,3,3.9,Saturday,Spring
29-03-2020,Sunday,105,60.37,99.48,87.91,57.78,152.76,45.65,87.19,99.11,126.75,49.2,83.86,114.06,142.33,146.88,111.01,63.47,59.69,102.64,121.56,40.73,83.98,2.288097509,18.96496764,10.47644968,6.403842326,16.04793261,6.705499422,9.077961438,4.21,3.767917038,7.267486486,4.402078085,4.670526204,4.66,27.86105873,17.88491974,5.623232958,6.63,7.61,11.66,3.761698196,9.479596663,189.4532647,Low,3,0.9,Sunday,Spring
30-03-2020,Monday,251,148.19,179.79,23.61,181.65,62.98,109.8,60.91,39.02,90.47,22.27,189.51,73.92,33.72,167.08,189.4,27.26,59.28,74.59,173.1,178.99,140.46,1.837920578,2.16742356,3.377533584,4.990045945,6.227993828,3.543339839,10.50171041,1.86,8.68269761,2.329009513,36.659624,9.184931153,3.75,20.84434837,14.12411763,2.513456596,10.79,6.68,15.69,14.78364083,19.68918314,200.2269766,Low,3,-0.5,Monday,Spring
31-03-2020,Tuesday,495,62.7,83.16,77.97,56.93,39.89,131.27,33.18,135.35,94.27,120.76,140.34,33.84,69.45,118.36,177.74,94.01,177.33,187.86,56.28,94.67,107.08,6.529613934,8.863582569,5.405654782,2.182839047,1.119155953,22.57768161,5.738269927,9.55,15.83839641,3.418783089,24.22635097,2.30637084,4.45,9.684720534,28.6609172,19.52844068,4.57,20.03,2.24,20.2704495,4.986142437,222.1773695,Low,3,1.2,Tuesday,Spring
01-04-2020,Wednesday,319,78.57,41.07,58.06,54.32,83.83,146.44,128.62,58.89,145.21,114.93,142.16,110.11,165.25,194.07,38.46,43.41,64.94,41.36,188.2,89.71,95.31,15.50054774,1.319747503,7.379975124,5.461454687,11.72964661,25.7702836,3.721542532,7.23,20.60402878,4.56163255,20.95644132,13.75483939,3.13,10.77227655,4.161761908,1.352651569,3.01,4.16,17.13,7.176489708,10.21478159,199.0981012,Low,4,6.3,Wednesday,Spring
02-04-2020,Thursday,400,154.37,45.74,78.95,26.58,71.7,120.74,140.28,131.53,20.58,149.48,85.15,163.01,102.74,29.3,90.69,24.04,67.38,188.07,144.04,138.74,84.41,11.39844835,3.207654874,7.006057878,2.720704999,13.11689649,10.51734024,27.17214418,6.57,3.904999179,13.8337182,7.34406208,21.03465023,14.08,1.709256255,16.18336211,4.024351049,6.32,11.55,16.15,3.810168369,5.810798899,207.4646134,Low,4,5.6,Thursday,Spring
03-04-2020,Friday,353,136.93,157.07,41.56,104.97,73.34,21.76,131.51,137.04,131.53,180.25,126.86,147.28,118.38,110.86,119.61,84.88,20.12,143.1,168.19,99.57,126.88,10.3576401,28.82966005,4.351833628,6.372319671,12.278256,2.612407964,22.36883536,4.4,8.589642035,37.75291337,16.04458305,13.55686417,20.59,11.24309992,13.12997313,4.568143955,2.44,2.22,2.4,2.968976704,13.20154448,240.2766936,High,4,3,Friday,Spring
04-04-2020,Saturday,320,172.86,131.28,180.29,121.67,62.05,78.76,103.43,47.36,83.99,34.29,21.82,29.04,97.91,149.32,110.56,161.07,176.72,115.68,120.11,136.68,123.61,13.93326166,5.59723319,28.21855953,9.271445923,7.603013271,6.552999837,17.38156904,9.2,8.040248191,2.366501755,4.509619567,4.836628314,4.01,13.01865985,11.54305058,12.5336694,29.17,14.46,11.34,15.64041841,5.326792957,234.5536715,High,4,1.9,Saturday,Spring
05-04-2020,Sunday,132,138.37,38.2,126.85,31.83,27.58,113.19,88.36,31.04,162.96,151.67,134.5,33.12,27.9,175.28,54.9,121.91,162.67,25.88,160.31,31.06,49.06,15.00674682,6.797546582,7.66353609,0.848452191,0.700616484,10.83761769,3.98686142,0.44,12.56077969,24.53827806,29.35331432,2.149904157,4.59,32.41130725,6.022442444,8.638685825,32.17,2.2,25.4,4.082137749,3.792965697,234.1911925,Low,4,4.2,Sunday,Spring
06-04-2020,Monday,301,122.3,35.14,142.24,159.59,23.22,35.82,175.4,160.54,36.74,53.73,184.39,92.52,49.83,52.27,174.59,76.3,132.92,105.61,22.92,166.47,104.91,12.46547683,1.818030969,10.64100535,10.34010023,0.747011248,2.395750608,27.50037379,26.09,3.277512514,9.276052162,7.715685665,8.990645722,8.58,4.111273864,28.76570148,6.694148275,11.15,7.05,3.19,13.80087667,4.784655315,209.3843007,Low,4,8.5,Monday,Spring
07-04-2020,Tuesday,239,36.86,146.17,162.05,101.59,197.79,83.11,113.43,102.76,125.88,174.47,130.26,73.15,100.2,164,141.85,137.78,155.05,93.39,167.31,189.29,119.62,6.060832628,22.05661943,32.36920049,18.10322274,3.466407718,12.22680319,20.071906,16.41,25.62925809,11.83293269,24.86389048,7.559123357,18.41,13.91469035,27.2735673,5.887005344,2.95,16.32,21.86,17.31091394,5.436326272,330.0127,High,4,6.8,Tuesday,Spring
08-04-2020,Wednesday,345,86.19,33.1,109.72,114.39,97,25.98,106.25,30.47,106.58,167.43,177.27,61.83,57.65,119.49,170.82,61.76,47.37,49.02,27.22,136.78,122.65,8.333257814,3.968381841,2.391100451,22.41659637,5.703381295,5.117546776,7.109812612,2.03,17.66029825,3.173293751,9.904655041,7.634649035,3.48,10.55035145,4.316410136,5.658393381,7.68,7.45,4.98,2.933547171,10.37217664,152.863852,Low,4,8.7,Wednesday,Spring
09-04-2020,Thursday,262,67.74,167.93,35.65,99.34,89.18,34.14,24.62,199.08,135.62,117.34,150.32,70.58,29,91.38,174.58,22.59,102.5,138.15,180.18,191.82,57.82,7.475478961,31.61922285,3.453167214,7.575736356,3.225681516,6.401262375,4.6267032,7.12,26.84432967,3.17866516,6.578890659,10.41269325,5.27,16.32062599,3.780055127,3.535315855,12.8,23.9,2.42,19.94599389,6.839308276,213.3231303,Low,4,8.3,Thursday,Spring
10-04-2020,Friday,257,63.92,147.12,116.68,92.14,142.34,91.45,81.42,30.4,31.67,147.84,41.7,164.63,171.86,43.71,154.7,157.58,83.22,194.81,198.55,47.26,153.61,2.187388414,16.76969839,22.40529664,9.889088681,8.941623007,4.155938649,1.464023891,1.15,1.365336668,24.27719375,6.598678104,14.49023798,12.19,5.858512161,28.39404153,12.93741778,3.97,20.27,23,4.948773511,11.67673878,236.9399879,High,4,5.4,Friday,Spring
11-04-2020,Saturday,286,195.14,34.64,125.63,120.74,59.29,43.89,88.44,145.11,124.4,76.58,182.44,187.26,196.61,175.75,99.06,132.27,36.88,121.19,72.93,105.93,24.54,36.65470197,4.133685851,14.26283791,23.83823225,4.722544173,8.406055157,3.22885808,20.68,23.36646534,3.330838207,13.81296337,26.09848786,22.6,22.37745545,10.44300818,16.24639902,3.84,4.23,11.64,4.025147119,2.003687536,279.9413675,High,4,5,Saturday,Spring
12-04-2020,Sunday,193,90.76,35.27,154.18,47.94,190.99,122.16,91.79,197.06,121.07,104.81,31.96,92.92,162.77,48.31,129.9,157.21,107.5,148.66,57.86,128.33,83.87,5.65318387,1.7814822,17.71021748,0.498070286,33.18655551,17.7812111,9.547856815,26.04,2.972821586,9.281126612,6.167306678,3.87038187,3.19,3.44176762,16.45800485,25.35037891,16.24,21.15,6.53,3.647931528,5.926243046,236.42454,Low,4,8.5,Sunday,Spring
13-04-2020,Monday,416,180.57,197.6,97.7,52.75,161.54,144.1,124.43,63.05,120.92,167.89,116.11,183.1,173.68,75.76,48.87,27.01,185.73,32.32,157.77,124.71,160.44,4.495786938,8.65207523,6.169887512,9.035818472,21.48478141,8.826427501,15.04859029,10.01,20.1486501,16.0267289,3.631580528,35.2792493,3.18,12.694869,4.606564507,3.924675719,29.04,1.59,11.29,4.054548078,14.7280449,243.9182784,High,4,4.4,Monday,Spring
14-04-2020,Tuesday,102,133.6,87.37,42.96,175.12,36.09,164.11,116.05,45.6,128.63,102.67,45.58,77.87,63.56,72.21,141.26,170.68,27.21,95.18,65.54,92.26,121.5,17.05419082,16.85523682,2.92963274,36.08693188,5.527857831,3.423492941,14.14873429,8.58,10.57511741,17.35735032,5.32963024,6.039697163,9.34,1.246664764,3.727932907,15.85856462,2.86,8.93,2.35,2.540005229,10.58634617,201.3473861,Low,4,4.9,Tuesday,Spring
15-04-2020,Wednesday,329,163.07,86.72,71.08,190.3,95.16,56.03,129.42,41.85,141.76,84.4,22.11,105.76,192.91,176.85,52.27,131.51,72.46,40.94,175.8,80.86,67.01,19.17358871,5.717591441,12.32208706,4.983380119,14.61291999,3.716871183,1.697412945,5.92,8.703757436,2.257827405,4.808218106,16.1977431,18.22,34.07538503,8.778479528,8.469866547,4.93,0.92,31.4,9.532808836,3.242574842,219.6805123,Low,4,9.3,Wednesday,Spring
16-04-2020,Thursday,459,110.47,166.3,85.35,87.2,178.24,50.15,157.68,74.59,164.9,108.96,95.97,60.69,55.45,141.09,144.91,121.41,57.36,130.3,38.51,42.83,145.09,9.567895498,12.83251158,8.949029699,3.384744705,5.555486459,8.405644913,30.17533992,2.95,18.64724968,8.546813283,16.48189857,0.802273827,3.25,14.31036235,23.37722424,25.13180086,11.19,21.74,3.83,1.887221138,9.251941173,240.2674379,High,4,8.4,Thursday,Spring
17-04-2020,Friday,266,123.84,190.5,136.27,68.73,190.05,38.82,166.34,38.19,68.57,169.08,73.11,135.29,191.26,163.4,61.33,132.43,62.87,188.93,42.67,90.51,122.13,11.52118313,27.01483938,14.76814613,13.38593783,28.16998806,5.314972137,2.894294999,2.15,11.23485032,16.05010046,2.582747846,6.336108276,8.83,14.45939105,3.95789634,14.74119542,8.55,6.41,7.55,5.696186522,10.21665767,221.8344956,Low,4,6.1,Friday,Spring
18-04-2020,Saturday,301,108.65,197.48,122.74,135.92,104.13,134.56,149.26,144.59,168.51,80.34,107.48,196.22,199.07,65.08,41.16,175.6,183.52,139.12,196.25,49.28,163.32,16.9802786,14.86525111,3.532160699,15.84302273,6.946803936,19.08617275,5.45043813,24.58,3.075291203,8.690236116,9.82000708,20.34544632,27.33,7.120462094,2.751677464,10.07142899,16.07,25.26,23.81,1.917854737,15.05984485,278.6063768,High,4,5.1,Saturday,Spring
19-04-2020,Sunday,118,55.14,155.61,84.1,93.57,130.41,147.17,191.99,31.21,109.69,51.28,123.9,128.63,148.11,132.48,49.75,125.65,104.25,33.82,141.29,152.19,152.3,2.649149558,30.83278907,1.007418959,1.072535369,16.68283622,8.684514517,2.599819587,1.55,8.446643674,8.386197293,12.93201579,23.18593093,1.49,18.80241091,8.285202613,7.721078838,6.6,5.89,19.51,26.77092781,18.66076583,231.760237,Low,4,7.4,Sunday,Spring
20-04-2020,Monday,429,150.04,87.73,197.57,24.57,50.07,25.69,23.28,111.7,33.87,148.16,27.87,84.41,196.61,122.91,20.36,124.57,103.93,83.84,172.44,57.59,129.82,26.75094245,14.25999517,35.90055967,1.483954986,3.952233198,3.967118896,2.956139479,2.66,6.570034097,7.46402992,0.92535515,8.982116706,32.07,1.628481275,0.517504378,21.06209819,15.48,8.24,28.07,9.962470123,8.062456245,240.9654899,High,4,10,Monday,Spring
21-04-2020,Tuesday,90,70.54,35.03,129.04,48.11,198.41,188.52,55.24,199.41,30.54,168.68,42.14,136.61,122.52,169.91,149.37,198.32,156.9,119.12,78.38,30.54,107.87,10.05096057,4.215860548,9.6848078,4.815386105,39.16859822,2.623534254,9.874691965,28.64,2.342071811,30.01432604,8.710790263,26.44162755,3.07,32.26387251,25.7588757,3.378326854,8.79,18.04,10.6,1.72710292,3.47466997,283.6855031,High,4,10.7,Tuesday,Spring
22-04-2020,Wednesday,206,24.38,159.89,62.7,148.88,61.7,29.35,21.36,166.51,80.16,38.11,120.56,42.13,66.72,183.1,151.83,156.21,47.81,92.58,141.77,119.43,43.97,2.077485047,29.68444541,7.365092511,19.10540307,4.052080607,2.368062087,3.199213807,14.4,4.129628174,5.751928109,23.07566536,4.210764371,3.09,17.23110831,8.149457944,35.25132066,2.04,11.82,12.14,7.996259185,1.787802965,218.9257176,Low,4,11,Wednesday,Spring
23-04-2020,Thursday,64,136.19,120.51,38.32,138.61,189.69,117.43,136.55,130.74,161.28,63.18,81.77,179.96,98.66,22.19,112.69,99.61,107.71,170.06,126.96,127.14,67.04,11.98643012,2.260603533,0.870588751,22.28511644,11.23127542,13.65505532,23.17942473,24.16,12.8658277,8.409389973,3.681478033,20.15043639,8.23,1.779545989,13.27292668,3.24920459,11.92,27.65,13.66,6.605492694,4.37073648,245.4735329,High,4,10.7,Thursday,Spring
24-04-2020,Friday,350,51.88,96.36,47.51,24.88,136.94,147.63,181.65,75.13,147.38,45.55,151.25,110.56,126.84,141.32,49.05,147.33,97.4,166.64,128.57,176.94,95.44,3.007541984,5.63646796,6.475962491,4.472627509,24.68632157,5.100978334,2.366025422,10.03,11.99416141,5.37995002,4.487559671,3.639467833,12.95,5.068866446,9.15494683,23.43697161,6.34,15.34,20.9,18.74799527,5.137208498,204.3530529,Low,4,7.9,Friday,Spring
25-04-2020,Saturday,114,189.28,183.14,64.27,59.95,129.39,176.77,63.83,132.3,161.95,82.63,137.41,100.88,33.15,29.33,35.04,90.06,127.44,130.13,142.86,123.86,127.87,30.82400932,16.32207889,10.90167171,4.229917714,1.827968963,28.50300671,7.876905675,3.6,28.28074579,7.576433199,3.154817077,15.24198991,2.57,2.726654741,4.998178203,7.749043709,16.5,20.73,11.57,1.608468315,7.351583082,234.143473,High,4,7.8,Saturday,Spring
26-04-2020,Sunday,197,191.71,40.02,48.92,61.59,112.28,148.54,186.87,114.87,113.11,101.06,172.21,125.46,132.02,118.79,23.44,61.2,199.92,87.22,123.56,82.19,112.47,20.47884207,2.178757756,5.57976039,6.508227026,15.82349239,8.11934094,18.13458719,21.84,14.58279769,4.09797012,33.05504074,6.621823744,9.36,12.23837318,1.964945299,6.771863178,6.48,8.54,10.35,11.0384882,5.582688991,229.3469989,Low,4,7.2,Sunday,Spring
27-04-2020,Monday,376,184.68,108.67,53.58,140.94,61.52,164.31,30.85,96.7,99.24,154.79,144.65,132.46,196.61,71.77,49.83,127.43,158.5,65.96,97.23,164.54,71.87,12.080044,17.99329589,1.960178803,16.80617814,8.538800348,20.87477816,3.298371008,5.72,12.0881217,22.82159315,6.948357784,22.13425271,37.97,5.665526424,7.724396924,19.61425274,21.31,12.45,2.74,16.72084425,6.967923125,282.4269152,High,4,4.4,Monday,Spring
28-04-2020,Tuesday,58,86.63,22.04,71.32,23.55,51.78,81.1,188.2,43.53,46.54,137.21,97.39,32.92,54.22,75.22,180.35,187.07,91.62,39.06,69.67,117.25,21.16,9.883316116,3.850665282,9.070296348,2.119370933,8.11660297,7.430222211,4.612854787,3.22,8.268047867,16.62590949,10.05925004,6.057830331,7.15,10.29113531,13.04997029,14.37181771,5.85,4,12.8,21.81549689,0.948715084,179.5915017,Low,4,2.7,Tuesday,Spring
29-04-2020,Wednesday,393,22.78,104.36,51.21,38.74,59.69,166.67,83.29,179.59,79.07,131.77,141.13,142.87,162.67,83.53,63.48,187.25,168.96,83.88,158.34,34.27,109.32,4.563019153,9.238350111,7.99994188,1.545864683,11.32855685,21.50821261,11.83521009,15.52,7.61971025,16.03206109,11.15956646,28.2218681,2.35,7.109109811,4.07509619,22.92142781,1.7,8.21,4.32,1.386790306,12.52509232,211.1698777,Low,4,2.9,Wednesday,Spring
30-04-2020,Thursday,178,187.1,30.13,181.42,163.98,53.56,34.42,38.26,100.96,98.12,83.43,69.57,63.55,183.42,131.83,83.77,81.54,50.73,94.37,60.73,121.85,71.41,17.25974642,2.076005119,17.26319219,30.38904594,9.953939361,0.982929108,4.286841247,1.99,1.860778792,6.189121275,7.695828811,6.594526871,16.83,26.92671615,17.32984076,1.8432454,1.73,15.02,8.09,19.13851369,7.631322754,221.0815939,Low,4,3.5,Thursday,Spring
01-05-2020,Friday,185,97.07,41.39,34.44,52.14,160.33,181.07,107.46,55.03,35.95,171.46,75.14,148.51,189.87,80.13,38.96,114.98,25.48,141.65,144.62,183.44,152.23,18.73046796,7.350927896,6.553378427,8.293149766,3.540137485,2.202416336,16.34676115,5.74,2.48570996,30.90764498,1.656701808,19.30393112,33.46,9.059947162,6.322149355,1.013725865,4.77,23.53,12.8,30.16394612,10.26951843,254.5005138,High,5,6.9,Friday,Spring
02-05-2020,Saturday,112,194,41.15,114.41,137.49,83.02,118.57,66.22,86.2,59.71,104.83,162.02,168.06,192.82,151.89,60.03,58.09,56.8,138.47,62,91.34,24.31,14.26004968,3.96696167,14.48500171,12.97737475,12.55547251,20.02312348,7.318638711,2.88,6.593778647,12.71682851,8.483441127,27.17473429,12.97,25.76432947,7.156760716,3.915719611,9.93,15.97,5.4,2.870885028,1.926668537,229.3397684,Low,5,9.8,Saturday,Spring
03-05-2020,Sunday,94,193.45,136.86,93.87,62.87,30.41,167.11,71.28,94.54,127.68,196.24,100.36,164.71,113.86,92.81,113.46,199.21,81.27,32.62,132.56,73.34,125.27,4.08282185,14.69362636,15.438911,8.087110637,4.174188059,9.377135003,2.527616308,8.15,4.067879731,4.563600586,17.91866465,5.737517407,3.18,2.787845906,9.422811522,30.31990892,4.42,1.44,18.44,6.10700591,7.48870527,182.4253491,Low,5,9.5,Sunday,Spring
04-05-2020,Monday,130,173.54,154.29,196.83,37.9,194.44,101.42,75.31,168.96,152.42,134.15,163.71,119.45,195.92,32.3,129.4,196.6,111.9,91.15,154.47,45.82,189.47,8.913564053,11.5768934,25.30358893,1.927990341,26.24407421,17.61491419,9.71718788,12.95,30.40648869,14.24045873,25.06213018,15.98255572,30.19,3.022478094,2.511562147,6.143284429,17.67,9.01,3.51,1.970015763,19.08488365,293.0520704,High,5,6.2,Monday,Spring
05-05-2020,Tuesday,441,73,125.01,40.17,63.77,179.08,135.84,164.54,152.05,199.7,42.73,168.04,113.63,156.32,161.08,64.16,136.91,130.72,52.72,59.37,47.26,51.39,6.980821059,25.11409016,1.52390056,6.973290569,5.966662643,27.33740855,6.846737033,23.85,24.91619893,6.789198393,26.13416342,1.816031681,19.56,12.7614925,1.077110765,4.490554051,16.42,10.22,7.29,2.714315288,4.811879384,243.593855,High,5,7.5,Tuesday,Spring
06-05-2020,Wednesday,212,89.32,193.19,91.61,150.01,187,114.75,117.05,158.47,187.96,141.71,174.36,45.72,49.1,71.44,30.39,164.79,183.91,48.23,30.79,97.9,104.9,4.225024352,20.8708647,5.827857055,19.32932068,23.88360838,6.025766743,21.66925407,25.77,12.61173525,21.23570429,1.967312979,4.373798597,5.81,8.211354942,3.753966995,12.77764099,35.77,7.38,4.82,5.793033626,3.208727427,255.3149711,High,5,8.8,Wednesday,Spring
07-05-2020,Thursday,468,173.2,87.48,194.5,174.03,199.08,151.69,76.04,21.99,135.66,78.52,184.99,159.56,105.84,97.9,90.39,148.72,111.77,168.91,43.58,127.22,36.46,1.61577421,12.64428629,9.741558549,19.76229251,36.57948841,9.61465594,9.323317944,0.86,17.14881314,6.828938099,11.03308366,6.716967515,2.14,18.3000785,14.50788807,17.07892439,9.05,27.72,7.29,15.21314282,2.25531453,255.4245246,High,5,8.4,Thursday,Spring
08-05-2020,Friday,338,77.05,71.43,175.79,169.44,51.3,34.69,129.86,94.91,95.82,143.54,97.58,68.85,149.3,143.38,62.16,126.77,110.23,27.54,129.08,34.51,132.62,14.40570412,10.83403811,33.62566831,30.28649698,9.648663565,4.688522398,5.06120941,7.56,12.13058843,27.85082234,14.20381954,3.077237135,5.48,3.647991526,6.599508242,21.90119945,15.37,0.45,5.47,3.155905336,11.09920881,246.5465837,High,5,10.7,Friday,Spring
09-05-2020,Saturday,428,50.51,176.35,167.07,91.49,91.32,30.86,148.91,106.64,134.51,32.54,77.4,109.41,64.52,79.84,59.52,29.6,29.04,95.45,172.9,189.12,119.1,8.353315592,13.01305867,27.16800068,11.35642303,8.345189696,6.381821053,27.91474661,8.63,28.30538922,2.330257462,4.920123005,7.934627738,8.28,1.994933784,9.190628794,1.3305167,0.64,9.44,31.21,34.12670866,12.7459315,263.6116722,High,5,8.8,Saturday,Spring
10-05-2020,Sunday,155,120.22,60.25,66.42,140.26,156.48,64.48,69.07,23.45,161.42,51.48,124.8,71.17,135.31,30.19,192.78,101.86,26.28,50.28,28.1,155.92,93.33,16.98721114,5.086566329,9.565241236,11.75510945,2.797360505,11.74087028,8.017932713,0.91,28.21356192,4.776403453,21.79239721,7.045839038,6.7,5.662770335,2.887762351,2.78731301,2.24,6.68,3.78,5.638187583,9.098159136,174.1626857,Low,5,9.9,Sunday,Spring
11-05-2020,Monday,280,188.51,193.38,50.76,56.9,145.28,48.72,94.44,66.77,41.3,174.03,86.81,44.09,139.99,87.31,130.93,141.46,119.21,178.28,152.15,125.59,113.85,8.31564177,34.97254812,3.150362994,9.12707285,12.27415363,4.906518016,2.235063671,10.8,4.639091116,28.69793331,12.70328971,5.567462691,14.81,4.485734958,9.506194003,21.8594167,23.02,29.9,27.01,22.94809961,7.264411458,298.1929946,High,5,4.4,Monday,Spring
12-05-2020,Tuesday,90,145.29,22.19,140.36,72.77,47.7,176.92,41.94,156.85,93.78,60.89,128.19,133.32,49.29,190,120.24,141.96,98.87,120.27,81.44,169.12,181.38,4.877701658,1.677944376,5.825306923,3.186503213,8.739684969,31.07550994,4.983505176,22.64,14.09943463,9.21257358,3.404287871,3.330412618,5.6,28.10525367,7.253969307,7.11839023,11.11,2.33,8.32,8.889342376,10.15372928,201.9335498,Low,5,4.7,Tuesday,Spring
13-05-2020,Wednesday,77,122.61,194.58,187.29,181.34,166.85,59.46,52.61,44.68,171.16,170.67,147.01,29.78,121.72,135.51,94.84,87.16,171.05,61.65,106.14,34.43,55.33,2.897692234,31.87255304,26.27344818,15.3502433,24.1055413,2.315495009,2.810757877,2.06,20.069751,26.6777047,25.03839423,3.16878034,7.77,15.57951374,9.551201081,13.78008351,11.07,10.6,11.99,5.30182457,2.375787159,270.6587713,High,5,3.8,Wednesday,Spring
14-05-2020,Thursday,184,37.49,27.77,120.22,22.34,60.4,195.66,142.6,116.36,89.09,70.27,143.91,154.76,158.89,140.87,97.21,189.5,48.92,110.44,187.19,105.83,24.06,5.629699504,5.228810851,11.01736759,1.818665066,5.39344171,36.68514247,22.8449549,9.27,10.92649738,14.18069178,27.99199301,7.51236831,30.22,25.71633885,2.105206521,37.7661537,1.61,12.61,34.56,8.605361625,1.409247155,313.1019404,High,5,4.9,Thursday,Spring
15-05-2020,Friday,250,130.7,180.41,122.89,35.39,60.29,80.64,52.66,58.74,122.94,135.72,87.42,77.17,109.8,133.81,117.36,50.12,24.49,151.67,79.75,133.42,175.1,26.36818689,25.0100919,6.337704027,2.99120826,1.345840748,15.90536939,8.080165226,1.77,4.008727816,3.697517497,2.219659805,9.089046231,18.67,4.354168537,23.32334894,7.607805523,3.52,7.2,14.43,5.441800036,15.57388363,206.9445245,Low,5,8,Friday,Spring
16-05-2020,Saturday,377,198.21,114.99,70.4,57.42,116.66,52.78,114.53,22.18,125.8,144.95,50.03,20.02,22.18,55.82,145.36,110.06,100.83,192.46,103.76,169.16,123.88,16.51001177,16.06036531,8.977405187,9.225055524,9.676843549,2.084339242,20.75203564,2.87,3.978848478,27.00875862,5.349903081,2.825714314,3.27,1.741010102,7.347871693,4.043047797,13.36,13.53,9.87,29.99275522,5.654343339,214.1283089,Low,5,7.7,Saturday,Spring
17-05-2020,Sunday,158,45.22,198.73,158.51,24.78,126.73,162.15,147.63,63.42,53.21,112.28,97.5,112,21.63,95.3,146.39,144.36,62.75,59.68,22.46,161.02,180.32,1.47224772,29.64868277,2.923435111,2.517242346,13.32012635,11.85193034,14.61773086,2.1,5.289278416,7.231377532,7.109395291,13.69665358,0.54,11.02086822,26.99581399,24.83848644,5.09,3.79,1.4,11.32412405,11.89169897,208.669092,Low,5,7.5,Sunday,Spring
18-05-2020,Monday,467,113.3,33.28,53.67,52.66,124.42,138.57,39.24,195.66,85.2,74.96,45.67,28.43,84.27,155.17,50.9,145.48,28.93,179.51,34.69,69.87,127.45,13.29892875,5.609562269,3.803675647,8.59987048,22.99383311,4.325418436,3.786886919,38.61,4.365512989,2.794801464,3.293629111,4.412189606,2.54,27.78624121,4.619152115,23.08455927,5.52,19.9,2.94,8.870613785,6.762425562,217.9173007,Low,5,7.5,Monday,Spring
19-05-2020,Tuesday,82,177.93,119.69,78.26,124.95,36.47,109.68,122.12,164.28,80.21,58.28,180.22,69.71,186.71,38.25,110.02,136.76,150.43,188.17,66.55,189.36,165.83,14.80005295,10.50020525,8.313643201,15.25034421,5.09947222,7.233080465,18.3427665,26.01,1.134101263,2.768727367,8.886454041,5.424121621,19.35,3.481200656,23.44637019,19.72529276,2.14,3.73,5.57,24.28737038,22.90229463,248.3954977,High,5,8.4,Tuesday,Spring
20-05-2020,Wednesday,97,153.34,194.47,96.58,95.86,177.94,119.97,66.18,192.72,24.72,25.97,82.26,147.26,61.16,70.01,94.15,69.55,40.09,184.96,25.01,42.38,97.34,12.43808328,3.717782882,3.545494339,7.679892908,11.21895133,19.55366806,2.22821249,16.22,4.202470122,2.779295875,10.33592708,22.11202249,2.48,5.086621261,10.59647101,5.234777377,2.71,7.42,1.61,4.476905468,5.674833431,161.3214094,Low,5,8,Wednesday,Spring
21-05-2020,Thursday,456,145.46,114.16,111.37,180.68,67.81,149.46,193.33,107.81,24.35,74.71,47.8,31.28,134.19,69.74,176.69,48.12,129.5,134.37,133.65,177.52,154.97,17.2981654,9.615499324,20.25672297,30.68905066,6.814209272,11.48479168,23.09418165,12.93,0.456098007,3.756339064,10.00891897,2.848507377,26.28,7.943205584,31.20976627,2.62717694,23.96,22.09,8.16,17.93374095,13.14730724,302.6036814,High,5,10.3,Thursday,Spring
22-05-2020,Friday,111,146.45,133.29,63.63,167.14,43.31,61.12,107.04,39.75,169.71,137.57,24.58,171.08,59.97,97.76,133.66,134.47,70.59,133.37,96.75,194.77,184.35,19.57955347,20.02239035,2.932715027,9.258222973,1.056612038,1.781835513,11.93636729,7.28,18.75733363,11.02474103,2.341330092,18.8024547,2.41,18.52483686,1.536088642,3.950687544,5.01,4.69,16.8,27.50128214,17.77787854,222.9743299,Low,5,11.2,Friday,Spring
23-05-2020,Saturday,265,84.71,145.23,40.67,81.53,179.97,199.34,165.08,118.63,69.15,188.89,136.25,20.69,77.9,196.47,115.85,127.87,51.23,92.58,118.67,51.89,122.98,2.488387691,13.51881613,1.338537887,4.618949801,36.98884646,14.27160957,4.119997351,13.68,8.294070496,6.462862649,3.471133328,2.636353447,7.99,29.9220488,18.67754141,11.07128718,2.97,5.03,2.76,1.308593363,11.83421213,203.4532477,Low,5,9.4,Saturday,Spring
24-05-2020,Sunday,171,72.85,101.82,129.91,66.7,192.02,195.46,119.04,101.79,113.25,176.82,134.64,64.43,172.65,32.15,40.77,52.28,88.36,155.43,51.44,149.97,52.54,1.132599777,14.45523691,5.864830101,7.665518133,14.70676015,35.75257937,11.1964416,4.39,21.96944225,10.65649927,19.87990404,0.783367278,13.67,6.349210004,7.620617064,6.122817411,9.85,14.94,7.14,20.24325917,3.663104301,238.0521868,Low,5,12.1,Sunday,Spring
25-05-2020,Monday,148,165.69,132.96,71.95,88.34,175.18,137.06,27.81,171.98,73.77,157.89,81.31,153.36,151.2,113.37,129.01,146.93,164.26,115.63,73.27,27.25,68.38,31.50732124,10.90983212,11.75339949,5.681825018,16.92122882,17.81211004,4.98333047,14.09,7.810762226,15.92698665,5.312250644,21.63659085,19.88,1.458539298,4.471054261,10.18297928,27.35,12.52,3.14,4.917877697,4.591106385,252.8571945,High,5,12.2,Monday,Spring
26-05-2020,Tuesday,221,165.82,125.18,124.62,126.25,165.71,55.92,133.97,37.65,189.32,161.92,32.91,76.93,37.17,52.29,41.1,101.93,90.58,141.94,139.49,92.98,55.76,8.55843917,16.34357917,10.81038271,1.622051969,11.97721568,5.096341001,24.64886295,6.41,3.609202748,15.82164984,5.471679581,10.59497686,1.28,1.529249257,1.178616448,9.619614054,2.68,22.01,10.53,1.820029323,4.149646885,175.7615376,Low,5,14.8,Tuesday,Spring
27-05-2020,Wednesday,409,176.07,182.21,47.79,68.25,137.94,142.44,191.25,107.88,66.67,139.7,93.73,38.34,97.17,194.72,80.7,140.2,155.14,97.12,193.75,112.93,64.43,3.380705231,8.046730375,5.249922923,9.169602879,20.25606443,6.100178044,5.20394907,14.28,8.897820987,11.0715564,9.802220137,2.751773047,8.92,22.36470081,7.72218406,11.43272988,29.35,9.23,4.2,3.820363844,3.405121377,204.6556235,Low,5,13.4,Wednesday,Spring
28-05-2020,Thursday,263,184.38,28.18,106.61,132.35,119.15,33,128.29,47.01,97.34,66.85,76.02,84.84,25.25,40.39,45.71,170.73,42.59,151.67,29.08,124.52,75.15,8.250447975,4.318618331,1.608388089,14.33539619,16.86286791,6.165073552,3.149912689,6.28,16.70814863,10.73374521,3.681435442,2.341421324,1.57,6.187146322,8.963112413,20.39644286,6.86,24.28,1.78,19.70756726,4.355892986,188.5356172,Low,5,11.6,Thursday,Spring
29-05-2020,Friday,84,112.04,70.57,115.87,93.69,35.66,25.52,167.45,78.44,177.09,183.3,141.88,68.67,106.56,92.65,144.57,50.55,159.1,168.4,180.27,188.47,119.92,1.90277895,8.721980507,1.979805925,9.261600949,4.753234498,4.457673858,9.235568096,13.7,40.38474089,37.83514742,6.937758729,1.734425043,19.04,6.280055388,14.7530555,8.76098996,7.07,21.47,28.12,17.2817607,10.1468748,273.8274512,High,5,12.3,Friday,Spring
30-05-2020,Saturday,498,110.27,191.07,29.33,119.37,93.52,66.38,179.16,152.72,171.55,140.73,129.04,171.69,139.24,152.82,57.13,23.45,62.65,46.36,123.84,141.01,125.84,9.453830152,8.450277543,3.003693304,22.87314923,6.040112705,4.283643506,30.02503753,27.47,16.69421491,18.10771666,22.69412842,34.74718571,2.47,7.844035259,6.265153102,0.947307689,9.1,1.46,22.06,13.03051268,8.28541637,275.3054148,High,5,13.5,Saturday,Spring
31-05-2020,Sunday,138,163.69,180.25,80.59,98.5,87.08,103.27,61.05,105.68,53.5,120.88,85.63,76.4,41.33,146.82,90.53,160.24,141.93,169.93,121.51,106.63,96.77,25.34363494,11.30502058,14.08485375,11.21710241,6.623459036,2.186784793,1.904878211,19.53,4.118330897,9.641434653,5.140267623,11.14241079,7.59,24.63065006,3.366727552,13.1330636,11.8,6.75,6.33,3.578703687,7.470244619,206.8875672,Low,5,15.6,Sunday,Spring
01-06-2020,Monday,150,136.99,102.02,44.19,73,66.76,176.29,58.17,87.66,164.48,39.98,59.22,162.01,72,96.09,181.22,129.75,121.84,117.25,110.05,165.74,130.78,9.864935453,16.94614065,8.588830576,13.86282574,2.375179521,3.733686683,8.622222265,3.433640149,40.91867805,9.102236146,12.48099194,5.063766256,9.224314323,2.095400153,1.762327605,5.870373609,17.50084364,8.658352987,5.818265041,16.67716849,0.104515929,202.7046952,Low,6,19.2,Monday,Summer
02-06-2020,Tuesday,480,146.35,131.62,31.41,190.72,150.22,150.89,129.98,91.01,102.47,100.47,197.85,180.54,91.61,82.37,56.78,145.94,187.25,172.04,32.49,191.1,34.68,14.27025146,14.42325943,0.835376619,7.39765278,19.23057501,4.989213335,3.524921386,12.91961571,5.772267051,4.929665988,14.44249194,14.93934955,3.854344263,7.201795544,9.450180287,28.03538108,52.07835556,9.062945214,2.439520383,7.15925685,0.8166523,237.7730717,Low,6,15.2,Tuesday,Summer
03-06-2020,Wednesday,180,163.24,69.93,198.19,157.45,109.26,153.69,93.99,102.7,106.93,102.86,101.72,98.09,185.52,91.57,111.4,170.87,89.72,97.63,36.18,23.97,35.8,21.39090177,3.865953643,24.25760152,17.05867298,1.906026263,16.78266352,12.41980842,21.61228378,21.33781107,4.926063468,9.74883528,12.431798,20.72882429,9.404693751,3.162891902,32.6081384,29.6765375,7.897660878,3.98150256,2.465280176,0.238527634,277.9024768,High,6,13.6,Wednesday,Summer
04-06-2020,Thursday,306,180.2,53.86,78.02,45.22,34.59,96.59,171.18,161.3,44.03,175.62,143.89,183.79,198.79,67.57,95.47,164.51,31.91,88.23,128.16,196.85,50.93,18.42585228,10.77932616,14.00597047,8.440819838,4.280172973,16.77200318,12.98949357,38.36341517,6.018866089,19.22085306,17.07166481,32.39343697,1.878377092,7.777971811,13.2092146,44.91628222,1.673031881,5.523532892,15.21842566,31.9340179,0.790328741,321.6830574,High,6,14.1,Thursday,Summer
05-06-2020,Friday,54,80.84,103.47,165.78,176.32,59.63,82.27,182,180.58,34.51,118.4,45.3,87.92,28.08,56.96,23.26,192.97,23.45,184.71,81.37,35.5,113.25,15.11597687,15.67674892,14.03589203,22.06255907,11.40078826,8.488632772,27.05134858,28.23823598,0.899359105,24.19741773,10.54463241,1.521729198,3.177955661,7.938098714,4.417014796,17.25029211,2.99263754,10.10406703,6.322717879,2.043175878,0.313268853,233.7925494,Low,6,14,Friday,Summer
06-06-2020,Saturday,267,87.6,83.6,65.84,107.74,142.99,86.79,83.62,191.96,151.03,88.47,107.41,193.53,156.98,106.95,162.7,116.47,168.83,65.21,185.11,166.59,58.52,16.39351194,15.5489038,10.5463008,16.53224646,23.42291675,13.35474028,4.838367739,10.41700084,18.02964836,7.434074422,26.85557396,11.64102528,10.04173917,9.001009502,8.34527996,28.83006778,29.0978354,1.559457528,15.59458912,17.81584276,1.417657093,296.7177889,High,6,12.5,Saturday,Summer
07-06-2020,Sunday,152,36.92,125.06,142.67,181.02,33.7,197.78,62.64,161.64,109.36,195.82,24.96,36.07,86.91,68.34,32.43,107.93,114.45,171.96,93.19,70.46,70.99,0.479696249,12.19557338,5.496106408,13.61487323,3.266697897,19.71890465,8.960064798,40.9640503,8.839947349,6.031540992,1.528020816,6.765286394,2.97600263,8.605701084,4.650947903,2.99448779,14.1973076,6.660064758,10.17547512,13.56372894,1.519566867,193.2040451,Low,6,14.6,Sunday,Summer
08-06-2020,Monday,447,124.09,33.99,156.84,163.97,173.22,27.22,160.49,76.77,98.63,39.93,110.98,143.66,90.64,71.74,105.37,92.34,159.54,107.12,45.79,43.79,92.06,19.29647201,3.392036483,27.51102354,4.827862762,16.90815385,3.678965809,8.22075862,17.10684782,19.33072002,2.176850873,13.696661,1.614271604,4.692477224,9.374046392,2.434600257,14.58503966,17.9287283,8.932161738,0.429722284,5.755276307,0.832593524,202.7252701,Low,6,15.1,Monday,Summer
09-06-2020,Tuesday,408,26.47,195.39,127.21,96.54,109.13,176.07,69.47,143.86,151.31,96.06,193.52,108.89,155.77,138.22,120.92,47.66,62.2,112.54,148.65,99.17,166.14,2.765890395,35.54337301,18.5846892,9.644245592,2.95634842,27.24593869,10.72645708,5.076004756,35.81526003,25.77896645,9.67982941,5.231062542,2.265059445,14.56027613,15.69675259,1.406677945,1.983949175,6.013289255,9.032477227,17.23927538,1.238761746,258.4845845,High,6,16,Tuesday,Summer
10-06-2020,Wednesday,332,103.81,197.52,104.88,24.04,106.51,124.16,168.07,98.77,157.79,27.56,89.16,89.78,185.32,194.34,133.12,123.07,82.12,75.52,72.8,135.91,22.5,20.22498016,21.84242455,19.75673489,1.9277881,15.23142047,5.725857185,31.02678431,13.65218557,14.84416136,4.718559846,12.18243932,18.0139549,24.00642222,26.92882552,5.576672552,33.76942719,20.25985131,5.66461416,7.625248595,12.80357503,1.321086651,317.1030139,High,6,16.7,Wednesday,Summer
11-06-2020,Thursday,442,117.68,145.67,94.13,68.36,126.63,98.95,96.27,65.84,48.6,153.18,27.02,133.89,191.17,128.65,143.95,69.86,25.42,123.15,114.58,88.57,136.89,11.08693444,19.70558646,14.19259096,12.00340648,19.26362422,8.184979592,3.18907349,4.141966293,10.15565041,10.74987965,3.749166271,15.28160641,1.763463092,7.346675787,20.02592937,10.2851729,4.097268847,3.888600395,9.789378304,14.62400895,1.370950675,204.895913,Low,6,17.6,Thursday,Summer
12-06-2020,Friday,256,71.58,116.5,82.8,117.49,168.44,150.55,140.16,171.36,129.84,185.25,25.57,146.69,123.88,33.86,65.59,185.84,193.07,78.54,145.61,29.82,140.4,14.73211532,6.084669148,6.753320713,6.475074871,10.25459365,19.15066369,26.21810292,17.53829238,3.767398846,32.3308281,6.997811304,8.010977655,12.82789705,0.899806882,4.114193472,39.09938584,15.48339133,8.33711864,12.11650208,0.478083466,0.985259066,252.6554864,Low,6,18.8,Friday,Summer
13-06-2020,Saturday,64,126.35,75.71,187.32,134.03,82.61,107.6,37.2,26.92,44.36,70.41,89.84,20.79,84.28,33.61,21.8,124.97,140.22,27.07,182.05,127.9,163.76,18.39043849,6.565491052,37.82005916,23.84751579,7.497480126,2.632201526,4.414267324,0.49965101,7.274640845,10.12729386,26.45588536,0.516670794,4.950344378,1.041307427,2.168237425,30.22953782,40.71655531,2.795311435,13.93361342,4.678440692,0.813899549,247.3688428,Low,6,18.6,Saturday,Summer
14-06-2020,Sunday,197,25.49,166.48,169.51,66.42,142.04,177.22,132.29,182.32,155.25,174.5,48.8,50.05,161.76,191.26,150.22,126.71,187.98,68.96,162.59,182.43,187.9,1.57744921,5.290965774,10.60813545,12.32622985,25.44713238,14.58915469,4.227226109,20.35914168,4.698754485,35.21159295,6.32153,0.796677384,16.97601874,10.25393794,18.50023635,7.241740092,43.04091938,2.714917557,6.207080187,9.329601909,1.858335155,257.5767773,Low,6,18.6,Sunday,Summer
15-06-2020,Monday,91,26.72,143.25,193.7,45.08,121.83,182.13,101.32,103.07,138.25,72.6,24.2,148.35,65.18,73.51,116.42,83.89,67.79,21.15,141.74,88.98,23.62,2.837951894,6.428024884,12.82149184,2.642769689,22.92187871,20.14077076,8.699160372,17.36044269,41.16557173,6.148157499,3.622030326,7.896018292,2.687006197,6.961690689,5.035696963,2.169928545,11.70569816,1.521534044,10.8333378,7.491367325,0.4626282,201.5531566,Low,6,18.6,Monday,Summer
16-06-2020,Tuesday,429,168.07,49.27,42.37,170.29,68.07,95.91,125.59,134.7,192.19,183.94,156.12,139.95,121.53,36.57,170.5,29.36,130.06,196.1,142.33,58.94,47.68,31.58386242,0.483689456,6.524888399,13.6791025,3.85688299,20.35010877,5.279186507,26.07708796,39.9669052,39.51415088,34.52520282,22.92450679,8.10053862,5.797448491,28.14016407,6.869439409,15.37059563,29.9327342,14.14544545,9.471052193,1.824776679,364.4177694,High,6,16,Tuesday,Summer
17-06-2020,Wednesday,228,84.83,183.97,151.56,197.19,178.15,69.83,50.24,138.68,32.41,155.71,102.53,193.89,84.54,127.83,167.85,25.71,142.13,193.83,190.27,99.66,179.51,14.62839233,3.146241048,24.60218424,35.3107482,20.71321362,6.689452736,7.556762007,28.98714653,6.442173653,12.99746776,22.31984176,16.31078911,6.612945285,17.23469183,11.24444946,2.252391081,28.10394582,9.12848988,13.14923533,8.13560814,0.890957046,296.4571269,High,6,15.3,Wednesday,Summer
18-06-2020,Thursday,112,42.87,168.06,188.9,114.62,163.54,126.62,152.64,181.12,30.27,164.88,72.06,156.99,138.19,132.26,171.8,96.2,77.16,91.13,73.25,28.71,102.53,1.137266658,34.04605508,36.13157845,21.82194617,7.335202519,22.95925773,24.11820882,46.13549612,6.186399933,31.31227427,1.127024356,24.22341073,15.33844981,22.07048376,22.16331898,4.390858559,7.936337854,7.255122822,6.565477798,4.062951327,0.503006669,346.8201284,High,6,18.2,Thursday,Summer
19-06-2020,Friday,401,114,190.96,52.62,50.9,138.52,184.23,175.3,134.6,70.79,23.24,182.01,191.14,63.27,136.73,107.32,35.22,172.66,151.11,20.2,167.69,121.63,16.03639925,10.63737549,2.794466716,4.388399511,4.265461964,17.00274224,5.227961469,8.481552985,12.18178646,0.41211738,16.64890592,38.14565761,0.979237253,10.88461376,4.631889817,5.096137383,12.97994205,2.872339396,1.780699054,23.09818339,0.468109645,199.0139787,Low,6,20.3,Friday,Summer
20-06-2020,Saturday,280,158.6,150.63,31.97,69.02,173.1,57.92,59.01,130.51,67.11,193.31,40.91,146.46,54.49,68.13,80.05,129.23,190.49,82.25,68.95,168.74,139.34,13.01664775,20.21003165,5.325614729,4.689291114,32.85113491,8.603194208,5.73177199,5.209734911,16.15203814,23.05611842,4.823102473,13.17867148,1.609154992,6.378382137,10.43934647,19.52798604,44.27049141,8.091846278,2.142617747,21.40711525,0.812683632,267.5269757,High,6,20.3,Saturday,Summer
21-06-2020,Sunday,145,58.85,130.41,153.4,23.31,176.11,132.13,37.23,32,64.46,150.8,192.07,73.65,185.28,22.72,162.48,178.58,179.27,140.8,59.22,125.84,142.23,0.638059417,21.81690944,24.89295059,2.495873257,27.97278849,16.84208777,6.452286841,8.596255313,14.02665336,17.3377624,13.85039018,3.467065915,6.926836748,2.088559496,5.984600172,4.533736683,5.566216552,2.251689073,3.640278682,9.874659469,1.58308326,200.8387431,Low,6,19,Sunday,Summer
22-06-2020,Monday,101,132.12,95.28,123.41,184.57,147.51,133.68,24.25,113.31,183.13,74.86,76.51,38.97,38.32,193.7,101.23,178.92,153.03,164.98,139.13,83.56,187.71,10.55977408,10.08622744,2.564043334,23.52818639,21.42699245,23.27259855,4.789533968,6.168615904,51.50610842,11.03720643,4.494182352,4.625558421,3.337194342,8.471083298,9.201973648,16.25433938,7.720024391,17.65590259,9.278950315,10.17902795,1.172978768,257.3305024,High,6,18.4,Monday,Summer
23-06-2020,Tuesday,145,35.36,187.89,171.53,41.2,170.66,151.96,135.55,47.03,64.92,169.29,179.91,160.73,111.07,65.16,53.02,138.63,69.94,190.42,134.07,163.96,199.45,1.982281178,7.877394058,13.9547913,2.603489021,3.442454477,13.7251733,14.96672296,14.20273176,8.584491669,5.421768426,4.256762066,30.40909271,2.750061456,1.540191624,3.277814093,2.968356299,1.141179746,17.36410985,13.00290901,12.61809077,1.210056919,177.2999227,Low,6,20.6,Tuesday,Summer
24-06-2020,Wednesday,437,29.3,175.89,45.16,123.77,145.54,43.68,129.28,152.74,68.95,70.67,128.53,135.95,59.75,141.68,173.9,58.02,70.69,92.04,126.82,119.84,149.63,5.086946505,26.58719176,2.933774793,19.72942519,23.56964336,4.997083882,25.80369348,39.61389515,3.073204852,17.29811809,26.01663136,20.57296069,4.876504021,16.39353177,28.55457212,7.244939691,4.793164929,7.894385537,5.083345065,3.071556773,0.691472612,293.8860416,High,6,23,Wednesday,Summer
25-06-2020,Thursday,271,115.64,28.14,163.15,69.33,142.43,148.85,118.41,112.2,156.69,177.1,168.81,28.67,27.01,147.19,178.86,175.34,193.4,160.99,22.92,168.67,71.7,8.801086974,3.319645429,12.14396805,1.311463103,12.53416903,21.19408533,12.20167572,17.09638347,22.04874554,13.20821915,15.19458476,0.710260042,0.894357611,31.85313427,11.19728986,46.84249433,6.126737102,11.85976551,2.225745904,30.67170415,0.946450198,282.3819655,High,6,23.7,Thursday,Summer
26-06-2020,Friday,456,117.31,24.75,56.29,119.75,131.35,183.63,61.75,142.44,100.95,40.26,197.12,84.81,26.48,129.8,103.94,179.5,21.85,67.87,151.18,133.66,178.36,18.9994698,3.50533717,11.7902867,2.548176642,9.323520053,15.03116175,5.607619496,34.56747761,4.65428826,6.997363153,4.732203511,12.81817032,3.11778319,5.219148425,20.04785852,53.69879989,6.006879957,4.447990865,18.20894449,4.14016662,1.048102732,246.5107492,High,6,22.7,Friday,Summer
27-06-2020,Saturday,280,134.74,87.76,49.46,137.26,155.49,52.34,90.36,27.5,159.81,146.66,71.91,192.22,51.54,76.32,33.63,55.4,148.89,198.26,78.24,161.19,28.86,1.432992394,12.53801186,5.98325804,12.22402882,19.29608362,1.788607481,14.15755188,1.22991901,24.28063926,29.70031995,5.471833357,21.02154024,5.677687659,1.451016868,5.839507922,10.66690585,16.92746921,13.31092668,4.454614844,3.933457083,1.861925281,213.2482973,Low,6,23.2,Saturday,Summer
28-06-2020,Sunday,143,150.7,165.9,49.57,169.35,48.55,62.76,127.01,35.26,31.77,117.33,193,110.07,176.02,68.8,89.81,152.74,147.12,24.64,139.71,127.74,61.59,10.44153132,34.7645569,6.714047351,13.18434018,1.355672268,1.761501464,13.17639896,3.260400331,4.826703961,18.49984277,43.24469445,20.3113461,10.48682009,10.16310954,3.853827864,8.689901438,7.585543798,2.405857558,14.19307097,22.51572459,1.723765533,253.1586574,Low,6,23.4,Sunday,Summer
29-06-2020,Monday,192,195.65,197.71,166.62,57.16,178.56,194.85,109.42,148.94,107.76,37.38,90.11,97.89,70.85,127.58,164.64,71.57,132.08,128.64,120.18,94.55,181.53,11.46990179,22.49266467,30.83499736,3.666948514,29.25153024,2.443428312,10.40565224,27.90450346,19.44857722,8.27826157,22.01210926,3.172239254,2.963378109,7.711464278,19.21740658,20.33426086,10.95017392,17.70988887,12.56661276,6.621533816,0.787479112,290.2430122,High,6,20.3,Monday,Summer
30-06-2020,Tuesday,220,112.93,47.08,139.74,21.98,176.93,52.58,197.8,32.98,26.05,63.54,89.39,102.39,191.08,175.9,182.32,164.48,198.22,138.71,81.69,192.43,66.11,6.48439174,3.288901055,12.19005074,2.185922391,20.82085485,9.205569306,21.65725851,3.27121034,0.43661045,13.09599113,11.36444283,12.19910482,6.264588829,31.28012456,4.715923705,23.65050725,49.99733335,8.522397001,1.657249056,24.78085045,1.072206882,268.1414892,High,6,16.2,Tuesday,Summer
01-07-2020,Wednesday,78,78.13,126.94,114.15,44.64,25.26,173.79,44.56,32.83,31.28,22.23,81.27,57.6,124.69,190.41,56.63,199.5,76.14,143.85,44.22,117.4,59.72,1.937920391,15.9439718,18.8499103,3.050809671,1.122605451,9.922603555,8.042943903,7.453140168,1.917518164,2.090389901,8.762049103,9.93182645,1.935415928,28.07107326,5.250227378,10.97310003,12.38646085,15.32806791,1.914262005,7.78006811,0.202938148,172.8673025,Low,7,15.8,Wednesday,Summer
02-07-2020,Thursday,85,163.13,88.56,84.59,182,168.65,108.61,145.13,22.18,183.16,104.38,117.45,86.37,98.59,39.06,32.06,25.4,81.19,41.67,37,128.92,44.86,7.76712522,2.103369808,7.075995135,8.05046774,7.709464124,5.082101636,25.75451834,0.799905545,25.14928473,27.00695561,30.93943868,8.329233367,3.547488728,6.827310262,4.956093955,6.377978244,11.25142721,2.734038399,5.444893222,11.37873781,1.661206861,209.9470346,Low,7,16.8,Thursday,Summer
03-07-2020,Friday,62,68.75,194.58,177.9,177.3,43.2,64.5,92.78,192.17,45.06,74.23,47.75,86.57,124.42,47.87,177.92,181.53,34.21,188.94,169.67,59.69,174.64,8.269322205,37.69899737,28.61944302,11.93536293,1.871640689,9.620292657,7.710394548,27.84276231,12.21353598,6.62414553,2.848268997,9.450003446,10.33442791,4.535838355,25.38877843,35.78407649,8.734114693,14.09616078,19.30386277,3.515971945,1.609947456,288.0073485,High,7,16.4,Friday,Summer
04-07-2020,Saturday,209,99.01,171.58,90.64,127.53,80.32,176.73,97.08,152.75,115.84,127.7,119.67,29.42,113.01,190.05,90.09,132.07,99.7,52.61,185.31,132.62,110.01,5.976328878,5.936043811,4.287099712,24.48652838,1.680897797,12.30897756,6.704909998,24.51483452,11.82498268,22.02162891,7.605193217,0.737325432,6.409416697,26.18606607,10.96121643,29.87753525,11.58196327,3.792330942,2.69727001,10.64864602,1.852913621,232.0921092,Low,7,14.8,Saturday,Summer
05-07-2020,Sunday,188,34.12,170.9,166.99,128.09,153.83,100.15,149.17,83.59,94,73.5,117.51,158.16,156.58,152.58,117.52,195.21,66.99,132.1,136.96,122.89,141.48,2.919535952,13.15589695,31.80593414,10.43512983,17.23852716,10.4528558,15.83189856,16.16123858,10.28097644,17.53054838,10.75314393,10.25870186,17.90245987,15.36893253,7.889466356,39.53515412,8.167769502,3.680560207,1.227551139,10.03129065,1.876253985,272.5038259,Low,7,16,Sunday,Summer
06-07-2020,Monday,236,24.56,104.36,99.04,139.71,48.94,112.67,144.64,73.38,82.52,73.99,157.14,94.97,70.85,178.94,194.25,103.7,81.81,60.08,38.62,53.27,63.03,2.118551566,16.1879845,5.269960824,12.05140508,8.915984965,4.468117476,17.75905519,6.182470248,18.4664013,9.47822953,8.90937207,6.742531283,4.220203429,24.36596559,17.01657904,7.391727601,6.659767912,0.327810945,0.997672616,7.760393819,0.614292541,185.9044775,Low,7,15.3,Monday,Summer
07-07-2020,Tuesday,292,193.28,94.67,87.85,51.57,167.23,84.66,198.43,82.95,181.97,153.77,170.06,167.99,83.55,56.47,31.98,172.53,170.22,75.3,92.36,30.73,156.45,32.42683115,10.67999108,5.81259106,6.426765703,2.16323037,14.72743948,10.57425689,8.484844798,27.9695203,16.56682588,17.26922309,31.25610389,9.196244881,5.394637137,1.015918735,11.17798845,22.36514339,2.458760308,9.96446648,3.280721849,0.488936322,249.7004412,High,7,15.3,Tuesday,Summer
08-07-2020,Wednesday,135,170.48,69.21,103.28,184.59,169.78,126.73,43.11,159.44,23.93,28.67,99.28,173.06,180.94,125.77,136.7,31.23,188.39,118.36,151.21,128.78,156.8,28.99405205,6.444175165,15.57517589,38.77135095,3.55422131,20.91180026,7.164843212,33.46822988,1.992270631,4.194388212,24.9404236,10.75611463,12.15514446,5.902070382,18.11523152,5.650803397,18.12236082,10.06688179,3.56353825,25.23808592,1.863379391,297.4445417,High,7,11.3,Wednesday,Summer
09-07-2020,Thursday,333,145.28,30.15,74.25,95.38,111.34,49.43,38.74,139.05,139.48,182.52,74.42,58.16,190.36,146.21,33.34,80.35,53.43,95.09,160.37,157.46,76.27,13.72790817,3.137969197,6.307687159,5.402807324,14.06533114,8.432772609,4.216960079,9.032560589,16.70315998,43.81887246,13.19020788,5.603003296,15.63924223,14.94211148,3.872254931,6.363753169,11.7834749,5.083914251,10.73846396,2.551208678,0.869240038,215.4829035,Low,7,14.7,Thursday,Summer
10-07-2020,Friday,115,93.61,175.65,154.57,88.96,21.15,90.39,150.38,53.34,193.41,173.41,66.68,138.32,180.66,142.42,87.58,32.06,87.05,48.84,41.28,114.21,93.92,7.039327093,32.8208821,19.90521772,12.79663781,3.477652797,7.910923782,10.33984284,12.26199507,13.91317751,45.45623969,7.456235803,18.54599295,6.761924255,17.09836452,11.62696321,4.37450247,8.883380465,3.673016742,5.251670089,10.9081509,0.148111152,260.650209,High,7,14.6,Friday,Summer
11-07-2020,Saturday,219,51.19,166.32,110.49,113.41,71.67,194.49,124.11,51.34,120.83,140.2,55.03,105.01,95.5,93.47,164.69,195.56,187.15,50.77,20.01,60.82,57.74,1.688100954,11.75016665,11.10826532,17.47546828,4.873616501,28.74610693,3.450321862,8.785068458,29.50103908,25.42959849,14.24960451,4.103401126,6.802568364,14.49037356,9.755165319,45.06547427,32.75733567,6.392376626,0.194095821,6.634193615,0.60619615,283.8585376,High,7,15,Saturday,Summer
12-07-2020,Sunday,47,48.16,199.95,61.8,28.45,131.05,66.46,69.35,37.71,188.63,126.78,30.38,178.43,160.47,22.77,98.03,167.06,31.13,95.27,148.18,139.97,195.78,9.229892338,37.67257692,10.18902125,3.288121978,9.801665969,2.558374333,3.783506074,8.949789011,9.486408421,25.4428458,0.897037577,18.15718174,9.367260001,3.25317289,7.2926275,35.00000535,1.11640304,5.695944067,11.54961462,23.75447428,0.548364891,237.034288,Low,7,14.2,Sunday,Summer
13-07-2020,Monday,111,65.04,199.39,181.92,49.93,196.61,138.21,34.3,138.85,29.41,180.61,81.64,58.83,105.74,124.93,199.49,173.46,36.62,156.31,84.19,34.42,136.21,1.3160745,5.542715879,9.894119063,1.350396311,24.88365766,1.558426223,6.767477804,31.2905064,3.512597864,39.8061224,6.509790801,8.559650641,8.807858184,17.38299378,13.60175265,23.11727497,2.307804439,8.961166708,2.801128607,0.658983187,1.888292783,220.5187909,Low,7,14.4,Monday,Summer
14-07-2020,Tuesday,490,118.86,119.98,89.1,152.85,133.73,78.53,35.42,157.59,95.38,53.36,68.64,142.01,109.56,65.56,120.63,188.83,49.3,181.63,65.81,99.53,188.22,7.837735614,19.842636,1.777874457,22.57480329,8.58492922,1.14091621,2.177783914,11.90576779,1.933570125,2.117196365,11.05663707,26.9279285,11.48622777,1.987418702,1.914221358,42.72346057,7.599041297,3.479993879,5.766386006,12.68209002,1.316957314,206.8335755,Low,7,16.6,Tuesday,Summer
15-07-2020,Wednesday,183,148.63,158.42,117.84,34.9,66.76,159.23,180.95,67.71,66.83,34.21,193.96,129.4,56.84,101.05,77.81,35.32,127.14,35.14,22.32,49.41,74.61,9.526087244,25.50897809,8.203639007,0.735161957,0.975419193,19.8010664,7.299938641,12.42821524,5.16732367,2.959006583,39.27027597,16.04642364,3.103879595,15.13915933,6.400258572,8.621639076,42.66090838,0.433964975,0.817972725,8.707287941,0.78640548,234.5930117,Low,7,16.8,Wednesday,Summer
16-07-2020,Thursday,333,138.84,190.06,183.16,128.57,134.12,43.56,54.54,23.77,151.55,63.11,120.39,73.15,126.4,192.36,59.62,89.41,47.09,90.76,117.25,53.2,160.74,9.904885666,8.965164002,16.88501283,15.96553414,20.09275071,3.940349939,5.680602984,6.573044562,34.58541468,13.0373222,2.887692871,10.05032826,1.501446327,20.72380664,10.40120238,18.27138284,5.731129704,10.8950918,10.29425195,3.249537255,1.435178044,231.0711298,Low,7,19.1,Thursday,Summer
17-07-2020,Friday,77,70.39,172.94,132.36,64.16,117.2,194.57,78.21,34.79,196.63,163.02,82.51,44.59,53.5,91.83,83.09,32.79,194.25,38.04,173.21,56.41,157.85,3.083790261,15.4627256,6.044076379,9.867396981,13.95018316,20.37773873,5.730109092,4.583944291,13.75248873,40.98154049,11.17547314,1.662361612,3.157855659,15.35848593,14.8326767,2.360380213,42.35436154,3.128215407,16.49426367,10.63744655,0.803134592,255.7986487,High,7,19.6,Friday,Summer
18-07-2020,Saturday,157,191.88,64.52,41.04,90.07,160.37,101.68,60.8,194.21,66.18,26.24,124.48,137.3,79.68,171.16,87.06,57.94,100.41,22.99,192.37,89.61,144.5,28.33351826,2.908049591,3.200642529,4.953188785,18.64612136,1.044447639,0.986147799,49.66736167,2.434120642,6.041966619,20.35993,25.16994432,5.709158971,29.3380021,10.20199174,4.819879701,9.41490145,2.446623336,7.995426638,1.285396199,1.082054606,236.038874,Low,7,19.8,Saturday,Summer
19-07-2020,Sunday,46,152.82,101.1,189.17,71.96,39.26,62.49,83.9,73.18,137.75,124.91,45.06,152.95,173.91,53.94,32.37,61.29,110.27,139.11,121.83,29.21,193.82,5.352145117,15.0574944,16.77187594,11.09711282,6.48715806,5.181823249,6.353980548,9.148037135,20.97614496,15.47508013,7.983879722,5.229572127,4.806314735,1.170290243,3.187073518,5.451062972,5.48777895,3.28749213,1.581086617,4.451858211,0.893278271,155.4305399,Low,7,21.3,Sunday,Summer
20-07-2020,Monday,389,119.78,43.25,132.99,84.02,156.99,33.23,32.5,158.46,55.66,199.18,99.93,76.81,57.27,141.04,86.52,104.44,64.4,128.44,112.6,91.6,90.84,15.97318567,4.375729351,2.903381981,1.226120006,22.41191287,5.223846625,3.488069638,7.28656249,0.947965595,6.637602093,17.79977697,13.04663628,6.773052363,23.61042963,1.307718946,4.92839868,2.080868513,8.583053315,6.791615382,17.23044039,1.750086116,174.3764529,Low,7,19.7,Monday,Summer
21-07-2020,Tuesday,335,130.11,191.73,80.28,149.43,117.43,50.56,113.43,132.44,121.76,174.03,132.72,136.07,32.81,195.86,103.56,68.34,104.77,49.34,35.31,112.11,43.53,4.350152454,27.45890787,10.17241027,24.47724774,5.267124801,4.725173547,12.90408847,15.98126916,4.298957263,25.68830369,13.82038973,8.916489412,4.579126484,3.557130725,19.75417964,6.075655832,10.42173662,1.538060005,1.27539905,15.97312571,1.64457519,222.8795037,Low,7,15.9,Tuesday,Summer
22-07-2020,Wednesday,495,95.53,129.11,45.07,73.48,193.34,113.56,32.17,88.75,103.51,113.86,108,91.12,32.42,38.34,150.09,38.18,139.14,62.09,118.8,106.99,140.91,2.374169891,6.483726687,7.864647932,7.123900534,15.48826956,16.25321706,2.719975242,24.34173849,23.66118105,9.631224323,3.907519175,15.90080963,4.265253261,2.887865151,1.791662366,2.730957396,7.768260217,2.615256193,9.763541608,10.83293559,0.069640581,178.4757519,Low,7,15.9,Wednesday,Summer
23-07-2020,Thursday,380,64.59,61.16,162.92,121.95,81.54,80.66,164.06,57.02,194.96,31.46,92.32,148.38,189.34,21.5,138.21,50.15,155.21,24.27,88.4,88.9,151.28,11.29311425,3.32494837,6.800985365,6.417970298,2.933328747,4.011101641,14.72342492,4.991178021,47.64004628,2.964674476,11.67762545,22.202141,6.958082506,2.445777347,26.72698308,6.078580664,11.4455863,0.205459562,8.455600735,1.544984703,1.645198609,204.4867923,Low,7,15.1,Thursday,Summer
24-07-2020,Friday,177,84.08,140.91,131.61,105.69,133.87,169.2,62.07,41.85,129.53,169.65,198.89,55.86,111.25,98.04,147.58,46.51,155.7,170.29,129.28,171.05,123.51,3.880141405,2.354711883,16.2731427,3.516854512,5.043695699,29.06670059,13.1228394,9.328333851,34.53174289,35.205911,9.965705006,7.708111811,13.00156542,3.668417633,16.55935783,11.23538295,37.41085544,3.957579339,9.687992465,32.56604667,0.968814983,299.0539035,High,7,16.4,Friday,Summer
25-07-2020,Saturday,397,156.41,131.26,116.02,139.46,187.77,97.56,117.2,130.7,82.91,127.82,178.46,180.24,93.69,36.67,21.51,195.15,124.02,195.44,89.97,46.16,57.23,25.98504132,10.02462194,16.61224591,26.16031441,23.48906534,11.71218011,9.225568722,36.55659679,18.34131406,3.83794622,43.66829795,9.106634004,6.971422195,6.06254917,1.567108954,7.778712702,2.549683049,8.601952103,7.095320296,4.586745977,1.159757149,281.0930784,High,7,16.7,Saturday,Summer
26-07-2020,Sunday,140,22.59,84.47,180.9,188.63,38.45,64.77,178.41,159.43,40.54,40.69,132.21,71.73,165.96,154.71,59.18,156.67,182.78,44.38,63.25,111.03,110.8,2.310163101,10.40239104,17.20901241,4.322566142,6.573077132,3.407250362,10.8249769,16.04244937,8.030092333,8.307635193,18.07416312,6.892462435,8.158200402,1.626620069,11.62155767,30.91383295,29.17147671,1.083738101,4.519009408,1.794076734,0.756165863,202.0409175,Low,7,17.8,Sunday,Summer
27-07-2020,Monday,239,40.89,40.44,161.95,151.86,188.7,131.09,137.16,135.9,47.22,36.89,122.49,86.2,170.45,184.62,139.1,194.2,167.13,61.67,37.09,31.17,76.19,0.967750304,7.631032859,21.63836645,7.325812867,36.42973336,7.213589328,7.957445363,5.2324681,1.458304304,5.066295431,11.90275342,10.18726595,12.74380767,7.886463176,2.218813317,36.20199909,20.70836813,9.351314163,3.729670145,4.413678255,1.291098406,221.5560301,Low,7,18.8,Monday,Summer
28-07-2020,Tuesday,274,28.28,140.88,47.3,58.69,143.82,147.22,115.93,115.45,60.56,183.73,131.72,30.46,79.79,98.12,107.12,99.15,156.27,176.31,76.69,32.81,96.94,5.144392625,18.86207606,4.040174652,4.180366317,18.3385123,17.80586887,12.19691931,23.26288411,14.34374524,35.77993773,30.27761569,4.646086632,8.849195247,10.63678591,13.03383566,4.13292731,29.31786194,7.661045678,5.354136535,3.42425896,0.623879819,271.9125066,High,7,16.8,Tuesday,Summer
29-07-2020,Wednesday,434,27.33,113.66,76.11,25.61,32.21,50.07,78.38,27.55,65.17,140.46,56.24,40.07,144.85,66.57,20.96,70.11,30.01,186.76,37.4,123.3,136.14,1.537089691,9.906738011,7.50860169,3.18645092,1.580961691,9.105743812,11.6253774,2.738097342,15.22636183,5.985219232,9.009586988,1.203762637,8.014642563,10.01982641,2.639473534,19.0036515,5.828598532,3.471906442,1.211527819,4.007472957,1.586855574,134.3979466,Low,7,15.6,Wednesday,Summer
30-07-2020,Thursday,426,173.98,159.02,64.73,67.21,74.17,50.17,79.94,194.33,173.11,169.27,91.12,112.86,158.8,98.19,164.81,163.69,21.24,95.53,51.84,121.88,154.14,31.80557159,33.1578306,0.715395537,7.315213651,2.323709072,4.763447216,4.194312214,47.63440127,42.39363517,18.7461337,10.01510555,19.8849568,9.620015555,17.70221212,8.826505235,29.1853442,2.456222566,3.475216726,1.679470407,6.51636885,1.678201778,304.0892698,High,7,16.4,Thursday,Summer
31-07-2020,Friday,332,146.66,113.63,153.91,127.11,147.47,26.6,140.51,163.77,121.02,178.22,27.1,68.17,137.84,150.22,159.11,78.73,58.24,29.11,197.72,178.05,61.8,6.521032595,16.07392083,20.60539714,4.460600444,24.85450291,1.509301758,20.12866629,23.51561297,20.29018498,7.447035868,7.032302532,11.54125909,8.871384115,20.06617921,14.54592384,9.20390737,5.805158271,1.838734512,16.8971885,4.223702316,1.234070606,246.6660662,High,7,17.5,Friday,Summer
